season,team,player,league,sport,numTeams,rank,position,year,age,gamesPlayed,groundOuts,airOuts,runs,doubles,triples,homeRuns,strikeOuts,baseOnBalls,intentionalWalks,hits,hitByPitch,avg,atBats,obp,slg,ops,caughtStealing,stolenBases,stolenBasePercentage,caughtStealingPercentage,groundIntoDoublePlay,numberOfPitches,plateAppearances,totalBases,rbi,leftOnBase,sacBunts,sacFlies,babip,groundOutsToAirouts,catchersInterference,atBatsPerHomeRun
2024,"{'id': 118, 'name': 'Kansas City Royals', 'link': '/api/v1/teams/118'}","{'id': 677951, 'fullName': 'Bobby Witt Jr.', 'link': '/api/v1/people/677951', 'firstName': 'Bobby', 'lastName': 'Witt'}","{'id': 103, 'name': 'AL', 'link': '/api/v1/league/103'}","{'id': 1, 'link': '/api/v1/sports/1', 'abbreviation': 'MLB'}",1,1,"{'code': '6', 'name': 'Shortstop', 'type': 'Infielder', 'abbreviation': 'SS'}",2024,24,161,122,205,125,45,11,32,106,57,9,211,8,0.332,636,0.389,0.588,0.977,12,31,.721,.279,4,2600,709,374,109,181,0,8,.354,0.60,0,19.88
2024,"{'id': 141, 'name': 'Toronto Blue Jays', 'link': '/api/v1/teams/141'}","{'id': 665489, 'fullName': 'Vladimir Guerrero Jr.', 'link': '/api/v1/people/665489', 'firstName': 'Vladimir', 'lastName': 'Guerrero'}","{'id': 103, 'name': 'AL', 'link': '/api/v1/league/103'}","{'id': 1, 'link': '/api/v1/sports/1', 'abbreviation': 'MLB'}",1,2,"{'code': '3', 'name': 'First Base', 'type': 'Infielder', 'abbreviation': '1B'}",2024,25,159,185,140,98,44,1,30,96,72,12,199,5,0.323,616,0.396,0.544,0.94,2,2,.500,.500,16,2602,697,335,103,225,0,4,.342,1.32,0,20.53
2024,"{'id': 147, 'name': 'New York Yankees', 'link': '/api/v1/teams/147'}","{'id': 592450, 'fullName': 'Aaron Judge', 'link': '/api/v1/people/592450', 'firstName': 'Aaron', 'lastName': 'Judge'}","{'id': 103, 'name': 'AL', 'link': '/api/v1/league/103'}","{'id': 1, 'link': '/api/v1/sports/1', 'abbreviation': 'MLB'}",1,3,"{'code': '8', 'name': 'Outfielder', 'type': 'Outfielder', 'abbreviation': 'CF'}",2024,32,158,82,128,122,36,1,58,171,133,20,180,9,0.322,559,0.458,0.701,1.159,0,10,1.000,.000,22,2885,704,392,144,238,0,2,.367,0.64,1,9.64
2024,"{'id': 135, 'name': 'San Diego Padres', 'link': '/api/v1/teams/135'}","{'id': 650333, 'fullName': 'Luis Arraez', 'link': '/api/v1/people/650333', 'firstName': 'Luis', 'lastName': 'Arraez'}","{'id': 104, 'name': 'NL', 'link': '/api/v1/league/104'}","{'id': 1, 'link': '/api/v1/sports/1', 'abbreviation': 'MLB'}",2,4,"{'code': '3', 'name': 'First Base', 'type': 'Infielder', 'abbreviation': '1B'}",2024,27,150,199,212,83,32,3,4,29,24,3,200,8,0.314,637,0.346,0.392,0.738,3,9,.750,.250,18,2416,672,250,46,181,2,1,.324,0.94,0,159.25
2024,"{'id': 119, 'name': 'Los Angeles Dodgers', 'link': '/api/v1/teams/119'}","{'id': 660271, 'fullName': 'Shohei Ohtani', 'link': '/api/v1/people/660271', 'firstName': 'Shohei', 'lastName': 'Ohtani'}","{'id': 104, 'name': 'NL', 'link': '/api/v1/league/104'}","{'id': 1, 'link': '/api/v1/sports/1', 'abbreviation': 'MLB'}",1,5,"{'code': '10', 'name': 'Designated Hitter', 'type': 'Hitter', 'abbreviation': 'DH'}",2024,29,159,124,158,134,38,7,54,162,81,10,197,6,0.31,636,0.39,0.646,1.036,4,59,.937,.063,7,2838,731,411,130,236,0,5,.336,0.78,3,11.78
2024,"{'id': 117, 'name': 'Houston Astros', 'link': '/api/v1/teams/117'}","{'id': 670541, 'fullName': 'Yordan Alvarez', 'link': '/api/v1/people/670541', 'firstName': 'Yordan', 'lastName': 'Alvarez'}","{'id': 103, 'name': 'AL', 'link': '/api/v1/league/103'}","{'id': 1, 'link': '/api/v1/sports/1', 'abbreviation': 'MLB'}",1,6,"{'code': '10', 'name': 'Designated Hitter', 'type': 'Hitter', 'abbreviation': 'DH'}",2024,27,147,98,193,88,34,2,35,95,69,16,170,10,0.308,552,0.392,0.567,0.959,0,6,1.000,.000,14,2264,635,313,86,216,0,4,.317,0.51,0,15.77
2024,"{'id': 144, 'name': 'Atlanta Braves', 'link': '/api/v1/teams/144'}","{'id': 542303, 'fullName': 'Marcell Ozuna', 'link': '/api/v1/people/542303', 'firstName': 'Marcell', 'lastName': 'Ozuna'}","{'id': 104, 'name': 'NL', 'link': '/api/v1/league/104'}","{'id': 1, 'link': '/api/v1/sports/1', 'abbreviation': 'MLB'}",1,7,"{'code': '10', 'name': 'Designated Hitter', 'type': 'Hitter', 'abbreviation': 'DH'}",2024,33,162,121,136,96,31,0,39,170,74,2,183,3,0.302,606,0.378,0.546,0.924,0,1,1.000,.000,23,2875,688,331,104,240,0,4,.359,0.89,1,15.54
2024,"{'id': 117, 'name': 'Houston Astros', 'link': '/api/v1/teams/117'}","{'id': 673237, 'fullName': 'Yainer Diaz', 'link': '/api/v1/people/673237', 'firstName': 'Yainer', 'lastName': 'Diaz'}","{'id': 103, 'name': 'AL', 'link': '/api/v1/league/103'}","{'id': 1, 'link': '/api/v1/sports/1', 'abbreviation': 'MLB'}",1,8,"{'code': '2', 'name': 'Catcher', 'type': 'Catcher', 'abbreviation': 'C'}",2024,25,148,191,120,70,29,3,16,107,24,1,175,2,0.299,585,0.325,0.441,0.766,0,2,1.000,.000,22,2128,619,258,84,268,0,8,.338,1.59,0,36.56
2024,"{'id': 143, 'name': 'Philadelphia Phillies', 'link': '/api/v1/teams/143'}","{'id': 607208, 'fullName': 'Trea Turner', 'link': '/api/v1/people/607208', 'firstName': 'Trea', 'lastName': 'Turner'}","{'id': 104, 'name': 'NL', 'link': '/api/v1/league/104'}","{'id': 1, 'link': '/api/v1/sports/1', 'abbreviation': 'MLB'}",1,9,"{'code': '6', 'name': 'Shortstop', 'type': 'Infielder', 'abbreviation': 'SS'}",2024,31,121,127,132,88,25,0,21,98,27,0,149,6,0.295,505,0.338,0.469,0.807,4,19,.826,.174,10,2043,539,237,62,197,0,1,.331,0.96,0,24.05
2024,"{'id': 117, 'name': 'Houston Astros', 'link': '/api/v1/teams/117'}","{'id': 514888, 'fullName': 'Jose Altuve', 'link': '/api/v1/people/514888', 'firstName': 'Jose', 'lastName': 'Altuve'}","{'id': 103, 'name': 'AL', 'link': '/api/v1/league/103'}","{'id': 1, 'link': '/api/v1/sports/1', 'abbreviation': 'MLB'}",1,10,"{'code': '4', 'name': 'Second Base', 'type': 'Infielder', 'abbreviation': '2B'}",2024,34,153,153,171,94,31,0,20,119,47,2,185,7,0.295,628,0.35,0.439,0.789,7,22,.759,.241,15,2454,682,276,65,193,0,0,.337,0.89,0,31.40
2024,"{'id': 133, 'name': 'Oakland Athletics', 'link': '/api/v1/teams/133'}","{'id': 667670, 'fullName': 'Brent Rooker', 'link': '/api/v1/people/667670', 'firstName': 'Brent', 'lastName': 'Rooker'}","{'id': 103, 'name': 'AL', 'link': '/api/v1/league/103'}","{'id': 1, 'link': '/api/v1/sports/1', 'abbreviation': 'MLB'}",1,11,"{'code': '10', 'name': 'Designated Hitter', 'type': 'Hitter', 'abbreviation': 'DH'}",2024,29,145,82,131,82,26,2,39,177,59,4,160,5,0.293,546,0.365,0.562,0.927,3,11,.786,.214,5,2378,614,307,112,207,0,4,.362,0.63,0,14.00
2024,"{'id': 135, 'name': 'San Diego Padres', 'link': '/api/v1/teams/135'}","{'id': 701538, 'fullName': 'Jackson Merrill', 'link': '/api/v1/people/701538', 'firstName': 'Jackson', 'lastName': 'Merrill'}","{'id': 104, 'name': 'NL', 'link': '/api/v1/league/104'}","{'id': 1, 'link': '/api/v1/sports/1', 'abbreviation': 'MLB'}",1,12,"{'code': '8', 'name': 'Outfielder', 'type': 'Outfielder', 'abbreviation': 'CF'}",2024,21,156,119,181,77,31,6,24,101,29,1,162,1,0.292,554,0.326,0.5,0.826,3,16,.842,.158,2,2214,593,277,90,245,4,5,.318,0.66,0,23.08
2024,"{'id': 114, 'name': 'Cleveland Guardians', 'link': '/api/v1/teams/114'}","{'id': 680757, 'fullName': 'Steven Kwan', 'link': '/api/v1/people/680757', 'firstName': 'Steven', 'lastName': 'Kwan'}","{'id': 103, 'name': 'AL', 'link': '/api/v1/league/103'}","{'id': 1, 'link': '/api/v1/sports/1', 'abbreviation': 'MLB'}",1,13,"{'code': '7', 'name': 'Outfielder', 'type': 'Outfielder', 'abbreviation': 'LF'}",2024,26,122,117,174,83,16,3,14,51,53,0,140,5,0.292,480,0.368,0.425,0.793,5,12,.706,.294,5,2165,540,204,44,131,2,0,.304,0.67,0,34.29
2024,"{'id': 109, 'name': 'Arizona Diamondbacks', 'link': '/api/v1/teams/109'}","{'id': 606466, 'fullName': 'Ketel Marte', 'link': '/api/v1/people/606466', 'firstName': 'Ketel', 'lastName': 'Marte'}","{'id': 104, 'name': 'NL', 'link': '/api/v1/league/104'}","{'id': 1, 'link': '/api/v1/sports/1', 'abbreviation': 'MLB'}",1,13,"{'code': '4', 'name': 'Second Base', 'type': 'Infielder', 'abbreviation': '2B'}",2024,30,136,146,114,93,23,2,36,106,65,7,147,5,0.292,504,0.372,0.56,0.932,1,7,.875,.125,9,2146,583,282,95,172,0,9,.299,1.28,0,14.00
2024,"{'id': 119, 'name': 'Los Angeles Dodgers', 'link': '/api/v1/teams/119'}","{'id': 605141, 'fullName': 'Mookie Betts', 'link': '/api/v1/people/605141', 'firstName': 'Mookie', 'lastName': 'Betts'}","{'id': 104, 'name': 'NL', 'link': '/api/v1/league/104'}","{'id': 1, 'link': '/api/v1/sports/1', 'abbreviation': 'MLB'}",1,15,"{'code': '6', 'name': 'Shortstop', 'type': 'Infielder', 'abbreviation': 'SS'}",2024,31,116,81,186,75,24,5,19,57,61,2,130,1,0.289,450,0.372,0.491,0.863,2,16,.889,.111,10,2047,516,221,75,138,0,4,.294,0.44,0,23.68
2024,"{'id': 147, 'name': 'New York Yankees', 'link': '/api/v1/teams/147'}","{'id': 665742, 'fullName': 'Juan Soto', 'link': '/api/v1/people/665742', 'firstName': 'Juan', 'lastName': 'Soto'}","{'id': 103, 'name': 'AL', 'link': '/api/v1/league/103'}","{'id': 1, 'link': '/api/v1/sports/1', 'abbreviation': 'MLB'}",1,16,"{'code': '9', 'name': 'Outfielder', 'type': 'Outfielder', 'abbreviation': 'RF'}",2024,25,157,162,133,128,31,4,41,119,129,2,166,4,0.288,576,0.419,0.569,0.988,4,7,.636,.364,10,2960,713,328,109,203,0,4,.298,1.22,0,14.05
2024,"{'id': 143, 'name': 'Philadelphia Phillies', 'link': '/api/v1/teams/143'}","{'id': 547180, 'fullName': 'Bryce Harper', 'link': '/api/v1/people/547180', 'firstName': 'Bryce', 'lastName': 'Harper'}","{'id': 104, 'name': 'NL', 'link': '/api/v1/league/104'}","{'id': 1, 'link': '/api/v1/sports/1', 'abbreviation': 'MLB'}",1,17,"{'code': '3', 'name': 'First Base', 'type': 'Infielder', 'abbreviation': '1B'}",2024,31,145,114,144,85,42,0,30,138,76,11,157,2,0.285,550,0.373,0.525,0.898,4,7,.636,.364,18,2469,631,289,87,213,1,2,.331,0.79,0,18.33
2024,"{'id': 111, 'name': 'Boston Red Sox', 'link': '/api/v1/teams/111'}","{'id': 680776, 'fullName': 'Jarren Duran', 'link': '/api/v1/people/680776', 'firstName': 'Jarren', 'lastName': 'Duran'}","{'id': 103, 'name': 'AL', 'link': '/api/v1/league/103'}","{'id': 1, 'link': '/api/v1/sports/1', 'abbreviation': 'MLB'}",1,18,"{'code': '8', 'name': 'Outfielder', 'type': 'Outfielder', 'abbreviation': 'CF'}",2024,27,160,172,152,111,48,14,21,160,54,1,191,6,0.285,671,0.342,0.492,0.834,7,34,.829,.171,6,2844,735,330,75,205,1,3,.345,1.13,0,31.95
2024,"{'id': 112, 'name': 'Chicago Cubs', 'link': '/api/v1/teams/112'}","{'id': 673548, 'fullName': 'Seiya Suzuki', 'link': '/api/v1/people/673548', 'firstName': 'Seiya', 'lastName': 'Suzuki'}","{'id': 104, 'name': 'NL', 'link': '/api/v1/league/104'}","{'id': 1, 'link': '/api/v1/sports/1', 'abbreviation': 'MLB'}",1,19,"{'code': '9', 'name': 'Outfielder', 'type': 'Outfielder', 'abbreviation': 'RF'}",2024,29,132,72,139,74,27,6,21,160,63,3,145,6,0.283,512,0.366,0.482,0.848,6,16,.727,.273,6,2509,585,247,73,220,0,4,.370,0.52,0,24.38
2024,"{'id': 119, 'name': 'Los Angeles Dodgers', 'link': '/api/v1/teams/119'}","{'id': 518692, 'fullName': 'Freddie Freeman', 'link': '/api/v1/people/518692', 'firstName': 'Freddie', 'lastName': 'Freeman'}","{'id': 104, 'name': 'NL', 'link': '/api/v1/league/104'}","{'id': 1, 'link': '/api/v1/sports/1', 'abbreviation': 'MLB'}",1,20,"{'code': '3', 'name': 'First Base', 'type': 'Infielder', 'abbreviation': '1B'}",2024,34,147,139,158,81,35,2,22,100,78,9,153,10,0.282,542,0.378,0.476,0.854,2,9,.818,.182,13,2522,638,258,89,237,0,8,.306,0.88,0,24.64
2024,"{'id': 120, 'name': 'Washington Nationals', 'link': '/api/v1/teams/120'}","{'id': 671277, 'fullName': 'Luis García Jr.', 'link': '/api/v1/people/671277', 'firstName': 'Luis', 'lastName': 'García'}","{'id': 104, 'name': 'NL', 'link': '/api/v1/league/104'}","{'id': 1, 'link': '/api/v1/sports/1', 'abbreviation': 'MLB'}",1,21,"{'code': '4', 'name': 'Second Base', 'type': 'Infielder', 'abbreviation': '2B'}",2024,24,140,150,124,58,25,1,18,86,27,2,141,0,0.282,500,0.318,0.444,0.762,5,22,.815,.185,12,1883,528,222,70,197,0,1,.310,1.21,0,27.78
2024,"{'id': 110, 'name': 'Baltimore Orioles', 'link': '/api/v1/teams/110'}","{'id': 683002, 'fullName': 'Gunnar Henderson', 'link': '/api/v1/people/683002', 'firstName': 'Gunnar', 'lastName': 'Henderson'}","{'id': 103, 'name': 'AL', 'link': '/api/v1/league/103'}","{'id': 1, 'link': '/api/v1/sports/1', 'abbreviation': 'MLB'}",1,22,"{'code': '6', 'name': 'Shortstop', 'type': 'Infielder', 'abbreviation': 'SS'}",2024,23,159,155,143,118,31,7,37,159,78,1,177,7,0.281,630,0.364,0.529,0.893,4,21,.840,.160,2,2896,719,333,92,210,0,4,.320,1.08,0,17.03
2024,"{'id': 158, 'name': 'Milwaukee Brewers', 'link': '/api/v1/teams/158'}","{'id': 661388, 'fullName': 'William Contreras', 'link': '/api/v1/people/661388', 'firstName': 'William', 'lastName': 'Contreras'}","{'id': 104, 'name': 'NL', 'link': '/api/v1/league/104'}","{'id': 1, 'link': '/api/v1/sports/1', 'abbreviation': 'MLB'}",1,23,"{'code': '2', 'name': 'Catcher', 'type': 'Catcher', 'abbreviation': 'C'}",2024,26,155,175,117,99,37,2,23,139,78,5,167,3,0.281,595,0.365,0.466,0.831,2,9,.818,.182,19,2677,679,277,92,224,0,3,.330,1.50,0,25.87
2024,"{'id': 139, 'name': 'Tampa Bay Rays', 'link': '/api/v1/teams/139'}","{'id': 650490, 'fullName': 'Yandy Díaz', 'link': '/api/v1/people/650490', 'firstName': 'Yandy', 'lastName': 'Díaz'}","{'id': 103, 'name': 'AL', 'link': '/api/v1/league/103'}","{'id': 1, 'link': '/api/v1/sports/1', 'abbreviation': 'MLB'}",1,24,"{'code': '3', 'name': 'First Base', 'type': 'Infielder', 'abbreviation': '1B'}",2024,32,145,197,117,55,31,1,14,95,50,0,158,4,0.281,563,0.341,0.414,0.755,0,0,.---,.---,12,2460,621,233,65,160,0,4,.314,1.68,0,40.21
2024,"{'id': 135, 'name': 'San Diego Padres', 'link': '/api/v1/teams/135'}","{'id': 595777, 'fullName': 'Jurickson Profar', 'link': '/api/v1/people/595777', 'firstName': 'Jurickson', 'lastName': 'Profar'}","{'id': 104, 'name': 'NL', 'link': '/api/v1/league/104'}","{'id': 1, 'link': '/api/v1/sports/1', 'abbreviation': 'MLB'}",1,25,"{'code': '7', 'name': 'Outfielder', 'type': 'Outfielder', 'abbreviation': 'LF'}",2024,31,158,155,160,94,29,0,24,101,76,4,158,18,0.28,564,0.38,0.459,0.839,3,10,.769,.231,14,2739,668,259,85,193,5,5,.302,0.97,0,23.50
2024,"{'id': 143, 'name': 'Philadelphia Phillies', 'link': '/api/v1/teams/143'}","{'id': 664761, 'fullName': 'Alec Bohm', 'link': '/api/v1/people/664761', 'firstName': 'Alec', 'lastName': 'Bohm'}","{'id': 104, 'name': 'NL', 'link': '/api/v1/league/104'}","{'id': 1, 'link': '/api/v1/sports/1', 'abbreviation': 'MLB'}",1,26,"{'code': '5', 'name': 'Third Base', 'type': 'Infielder', 'abbreviation': '3B'}",2024,27,143,168,151,62,44,2,15,86,40,2,155,6,0.28,554,0.332,0.448,0.78,2,5,.714,.286,18,2122,606,248,97,236,0,6,.305,1.11,0,36.93
2024,"{'id': 114, 'name': 'Cleveland Guardians', 'link': '/api/v1/teams/114'}","{'id': 608070, 'fullName': 'José Ramírez', 'link': '/api/v1/people/608070', 'firstName': 'José', 'lastName': 'Ramírez'}","{'id': 103, 'name': 'AL', 'link': '/api/v1/league/103'}","{'id': 1, 'link': '/api/v1/sports/1', 'abbreviation': 'MLB'}",1,27,"{'code': '5', 'name': 'Third Base', 'type': 'Infielder', 'abbreviation': '3B'}",2024,31,158,138,233,114,39,2,39,82,54,12,173,1,0.279,620,0.335,0.537,0.872,7,41,.854,.146,9,2735,682,333,118,235,0,6,.265,0.59,1,15.90
2024,"{'id': 109, 'name': 'Arizona Diamondbacks', 'link': '/api/v1/teams/109'}","{'id': 666971, 'fullName': 'Lourdes Gurriel Jr.', 'link': '/api/v1/people/666971', 'firstName': 'Lourdes', 'lastName': 'Gurriel'}","{'id': 104, 'name': 'NL', 'link': '/api/v1/league/104'}","{'id': 1, 'link': '/api/v1/sports/1', 'abbreviation': 'MLB'}",1,28,"{'code': '7', 'name': 'Outfielder', 'type': 'Outfielder', 'abbreviation': 'LF'}",2024,30,133,117,157,72,22,2,18,101,29,1,143,6,0.279,513,0.322,0.435,0.757,1,7,.875,.125,16,2083,553,223,75,220,0,5,.313,0.75,0,28.50
2024,"{'id': 140, 'name': 'Texas Rangers', 'link': '/api/v1/teams/140'}","{'id': 608369, 'fullName': 'Corey Seager', 'link': '/api/v1/people/608369', 'firstName': 'Corey', 'lastName': 'Seager'}","{'id': 103, 'name': 'AL', 'link': '/api/v1/league/103'}","{'id': 1, 'link': '/api/v1/sports/1', 'abbreviation': 'MLB'}",1,29,"{'code': '6', 'name': 'Shortstop', 'type': 'Infielder', 'abbreviation': 'SS'}",2024,30,123,110,139,68,21,0,30,96,53,11,132,3,0.278,475,0.353,0.512,0.865,1,1,.500,.500,8,1872,533,243,74,150,0,2,.291,0.79,0,15.83
2024,"{'id': 138, 'name': 'St. Louis Cardinals', 'link': '/api/v1/teams/138'}","{'id': 680977, 'fullName': 'Brendan Donovan', 'link': '/api/v1/people/680977', 'firstName': 'Brendan', 'lastName': 'Donovan'}","{'id': 104, 'name': 'NL', 'link': '/api/v1/league/104'}","{'id': 1, 'link': '/api/v1/sports/1', 'abbreviation': 'MLB'}",1,30,"{'code': '7', 'name': 'Outfielder', 'type': 'Outfielder', 'abbreviation': 'LF'}",2024,27,153,163,185,65,34,3,14,81,47,0,163,13,0.278,587,0.342,0.417,0.759,5,5,.500,.500,4,2487,652,245,73,228,0,5,.300,0.88,0,41.93
2024,"{'id': 134, 'name': 'Pittsburgh Pirates', 'link': '/api/v1/teams/134'}","{'id': 668804, 'fullName': 'Bryan Reynolds', 'link': '/api/v1/people/668804', 'firstName': 'Bryan', 'lastName': 'Reynolds'}","{'id': 104, 'name': 'NL', 'link': '/api/v1/league/104'}","{'id': 1, 'link': '/api/v1/sports/1', 'abbreviation': 'MLB'}",1,31,"{'code': '7', 'name': 'Outfielder', 'type': 'Outfielder', 'abbreviation': 'LF'}",2024,29,156,158,140,73,29,3,24,156,57,3,171,10,0.275,622,0.344,0.447,0.791,2,10,.833,.167,7,2604,692,278,88,231,0,3,.330,1.13,0,25.92
2024,"{'id': 135, 'name': 'San Diego Padres', 'link': '/api/v1/teams/135'}","{'id': 592518, 'fullName': 'Manny Machado', 'link': '/api/v1/people/592518', 'firstName': 'Manny', 'lastName': 'Machado'}","{'id': 104, 'name': 'NL', 'link': '/api/v1/league/104'}","{'id': 1, 'link': '/api/v1/sports/1', 'abbreviation': 'MLB'}",1,32,"{'code': '5', 'name': 'Third Base', 'type': 'Infielder', 'abbreviation': '3B'}",2024,31,152,150,160,77,30,0,29,124,45,6,163,1,0.275,593,0.325,0.472,0.797,2,11,.846,.154,25,2387,643,280,105,287,0,4,.302,0.94,0,20.45
2024,"{'id': 158, 'name': 'Milwaukee Brewers', 'link': '/api/v1/teams/158'}","{'id': 694192, 'fullName': 'Jackson Chourio', 'link': '/api/v1/people/694192', 'firstName': 'Jackson', 'lastName': 'Chourio'}","{'id': 104, 'name': 'NL', 'link': '/api/v1/league/104'}","{'id': 1, 'link': '/api/v1/sports/1', 'abbreviation': 'MLB'}",1,33,"{'code': '7', 'name': 'Outfielder', 'type': 'Outfielder', 'abbreviation': 'LF'}",2024,20,148,141,124,80,29,4,21,121,39,4,145,3,0.275,528,0.327,0.464,0.791,7,22,.759,.241,7,2103,573,245,79,200,1,2,.320,1.14,0,25.14
2024,"{'id': 121, 'name': 'New York Mets', 'link': '/api/v1/teams/121'}","{'id': 596019, 'fullName': 'Francisco Lindor', 'link': '/api/v1/people/596019', 'firstName': 'Francisco', 'lastName': 'Lindor'}","{'id': 104, 'name': 'NL', 'link': '/api/v1/league/104'}","{'id': 1, 'link': '/api/v1/sports/1', 'abbreviation': 'MLB'}",1,34,"{'code': '6', 'name': 'Shortstop', 'type': 'Infielder', 'abbreviation': 'SS'}",2024,30,152,130,195,107,39,1,33,127,56,0,169,12,0.273,618,0.344,0.5,0.844,4,29,.879,.121,7,2713,689,309,91,223,0,3,.295,0.67,0,18.73
2024,"{'id': 136, 'name': 'Seattle Mariners', 'link': '/api/v1/teams/136'}","{'id': 677594, 'fullName': 'Julio Rodríguez', 'link': '/api/v1/people/677594', 'firstName': 'Julio', 'lastName': 'Rodríguez'}","{'id': 103, 'name': 'AL', 'link': '/api/v1/league/103'}","{'id': 1, 'link': '/api/v1/sports/1', 'abbreviation': 'MLB'}",1,35,"{'code': '8', 'name': 'Outfielder', 'type': 'Outfielder', 'abbreviation': 'CF'}",2024,23,143,129,129,76,17,0,20,156,38,1,155,6,0.273,567,0.325,0.409,0.734,5,24,.828,.172,10,2385,613,232,68,228,0,2,.344,1.00,0,28.35
2024,"{'id': 112, 'name': 'Chicago Cubs', 'link': '/api/v1/teams/112'}","{'id': 663538, 'fullName': 'Nico Hoerner', 'link': '/api/v1/people/663538', 'firstName': 'Nico', 'lastName': 'Hoerner'}","{'id': 104, 'name': 'NL', 'link': '/api/v1/league/104'}","{'id': 1, 'link': '/api/v1/sports/1', 'abbreviation': 'MLB'}",1,36,"{'code': '4', 'name': 'Second Base', 'type': 'Infielder', 'abbreviation': '2B'}",2024,27,151,169,191,86,35,1,7,66,44,1,159,12,0.273,582,0.335,0.373,0.708,6,31,.838,.162,8,2314,641,217,48,201,0,3,.297,0.88,0,83.14
2024,"{'id': 111, 'name': 'Boston Red Sox', 'link': '/api/v1/teams/111'}","{'id': 646240, 'fullName': 'Rafael Devers', 'link': '/api/v1/people/646240', 'firstName': 'Rafael', 'lastName': 'Devers'}","{'id': 103, 'name': 'AL', 'link': '/api/v1/league/103'}","{'id': 1, 'link': '/api/v1/sports/1', 'abbreviation': 'MLB'}",1,37,"{'code': '5', 'name': 'Third Base', 'type': 'Infielder', 'abbreviation': '3B'}",2024,27,138,125,116,87,34,5,28,147,67,14,143,3,0.272,525,0.354,0.516,0.87,0,3,1.000,.000,13,2375,601,271,83,235,0,6,.323,1.08,0,18.75
2024,"{'id': 119, 'name': 'Los Angeles Dodgers', 'link': '/api/v1/teams/119'}","{'id': 606192, 'fullName': 'Teoscar Hernández', 'link': '/api/v1/people/606192', 'firstName': 'Teoscar', 'lastName': 'Hernández'}","{'id': 104, 'name': 'NL', 'link': '/api/v1/league/104'}","{'id': 1, 'link': '/api/v1/sports/1', 'abbreviation': 'MLB'}",1,38,"{'code': '7', 'name': 'Outfielder', 'type': 'Outfielder', 'abbreviation': 'LF'}",2024,31,154,127,115,84,32,2,33,188,53,3,160,8,0.272,589,0.339,0.501,0.84,3,12,.800,.200,7,2608,652,295,99,285,0,1,.344,1.10,1,17.85
2024,"{'id': 138, 'name': 'St. Louis Cardinals', 'link': '/api/v1/teams/138'}","{'id': 571448, 'fullName': 'Nolan Arenado', 'link': '/api/v1/people/571448', 'firstName': 'Nolan', 'lastName': 'Arenado'}","{'id': 104, 'name': 'NL', 'link': '/api/v1/league/104'}","{'id': 1, 'link': '/api/v1/sports/1', 'abbreviation': 'MLB'}",1,39,"{'code': '5', 'name': 'Third Base', 'type': 'Infielder', 'abbreviation': '3B'}",2024,33,152,141,195,70,23,0,16,92,44,2,157,5,0.272,578,0.325,0.394,0.719,2,2,.500,.500,15,2452,635,228,71,233,0,7,.296,0.72,1,36.12
2024,"{'id': 118, 'name': 'Kansas City Royals', 'link': '/api/v1/teams/118'}","{'id': 521692, 'fullName': 'Salvador Perez', 'link': '/api/v1/people/521692', 'firstName': 'Salvador', 'lastName': 'Perez'}","{'id': 103, 'name': 'AL', 'link': '/api/v1/league/103'}","{'id': 1, 'link': '/api/v1/sports/1', 'abbreviation': 'MLB'}",1,40,"{'code': '2', 'name': 'Catcher', 'type': 'Catcher', 'abbreviation': 'C'}",2024,34,158,117,190,58,28,0,27,129,44,9,160,11,0.271,590,0.33,0.456,0.786,0,0,.---,.---,17,2301,652,269,104,236,0,6,.302,0.62,1,21.85
2024,"{'id': 110, 'name': 'Baltimore Orioles', 'link': '/api/v1/teams/110'}","{'id': 663624, 'fullName': 'Ryan Mountcastle', 'link': '/api/v1/people/663624', 'firstName': 'Ryan', 'lastName': 'Mountcastle'}","{'id': 103, 'name': 'AL', 'link': '/api/v1/league/103'}","{'id': 1, 'link': '/api/v1/sports/1', 'abbreviation': 'MLB'}",1,41,"{'code': '3', 'name': 'First Base', 'type': 'Infielder', 'abbreviation': '1B'}",2024,27,124,120,117,54,30,2,13,114,27,0,128,1,0.271,473,0.308,0.425,0.733,0,3,1.000,.000,13,1901,507,201,63,199,0,6,.327,1.03,0,36.38
2024,"{'id': 137, 'name': 'San Francisco Giants', 'link': '/api/v1/teams/137'}","{'id': 671218, 'fullName': 'Heliot Ramos', 'link': '/api/v1/people/671218', 'firstName': 'Heliot', 'lastName': 'Ramos'}","{'id': 104, 'name': 'NL', 'link': '/api/v1/league/104'}","{'id': 1, 'link': '/api/v1/sports/1', 'abbreviation': 'MLB'}",1,42,"{'code': '8', 'name': 'Outfielder', 'type': 'Outfielder', 'abbreviation': 'CF'}",2024,24,121,105,111,54,23,3,22,135,37,2,128,2,0.269,475,0.322,0.469,0.791,1,6,.857,.143,12,2011,518,223,72,194,0,4,.329,0.95,0,21.59
2024,"{'id': 138, 'name': 'St. Louis Cardinals', 'link': '/api/v1/teams/138'}","{'id': 676475, 'fullName': 'Alec Burleson', 'link': '/api/v1/people/676475', 'firstName': 'Alec', 'lastName': 'Burleson'}","{'id': 104, 'name': 'NL', 'link': '/api/v1/league/104'}","{'id': 1, 'link': '/api/v1/sports/1', 'abbreviation': 'MLB'}",1,43,"{'code': '10', 'name': 'Designated Hitter', 'type': 'Hitter', 'abbreviation': 'DH'}",2024,25,152,154,177,71,20,0,21,76,35,0,147,4,0.269,547,0.314,0.42,0.734,4,9,.692,.308,8,2117,595,230,78,228,1,6,.276,0.87,2,26.05
2024,"{'id': 115, 'name': 'Colorado Rockies', 'link': '/api/v1/teams/115'}","{'id': 678662, 'fullName': 'Ezequiel Tovar', 'link': '/api/v1/people/678662', 'firstName': 'Ezequiel', 'lastName': 'Tovar'}","{'id': 104, 'name': 'NL', 'link': '/api/v1/league/104'}","{'id': 1, 'link': '/api/v1/sports/1', 'abbreviation': 'MLB'}",1,44,"{'code': '6', 'name': 'Shortstop', 'type': 'Infielder', 'abbreviation': 'SS'}",2024,22,157,105,186,83,45,4,26,200,23,1,176,4,0.269,655,0.295,0.469,0.764,5,6,.545,.455,16,2528,695,307,78,229,5,7,.344,0.56,1,25.19
2024,"{'id': 115, 'name': 'Colorado Rockies', 'link': '/api/v1/teams/115'}","{'id': 663898, 'fullName': 'Brendan Rodgers', 'link': '/api/v1/people/663898', 'firstName': 'Brendan', 'lastName': 'Rodgers'}","{'id': 104, 'name': 'NL', 'link': '/api/v1/league/104'}","{'id': 1, 'link': '/api/v1/sports/1', 'abbreviation': 'MLB'}",1,45,"{'code': '4', 'name': 'Second Base', 'type': 'Infielder', 'abbreviation': '2B'}",2024,27,135,156,82,67,29,1,13,132,31,1,134,4,0.267,501,0.314,0.407,0.721,0,1,1.000,.000,12,2079,539,204,54,190,1,2,.338,1.90,0,38.54
2024,"{'id': 138, 'name': 'St. Louis Cardinals', 'link': '/api/v1/teams/138'}","{'id': 691026, 'fullName': 'Masyn Winn', 'link': '/api/v1/people/691026', 'firstName': 'Masyn', 'lastName': 'Winn'}","{'id': 104, 'name': 'NL', 'link': '/api/v1/league/104'}","{'id': 1, 'link': '/api/v1/sports/1', 'abbreviation': 'MLB'}",1,46,"{'code': '6', 'name': 'Shortstop', 'type': 'Infielder', 'abbreviation': 'SS'}",2024,22,150,140,189,85,32,5,15,109,41,1,157,1,0.267,587,0.314,0.416,0.73,5,11,.688,.313,1,2558,637,244,57,215,3,5,.303,0.74,0,39.13
2024,"{'id': 117, 'name': 'Houston Astros', 'link': '/api/v1/teams/117'}","{'id': 665161, 'fullName': 'Jeremy Peña', 'link': '/api/v1/people/665161', 'firstName': 'Jeremy', 'lastName': 'Peña'}","{'id': 103, 'name': 'AL', 'link': '/api/v1/league/103'}","{'id': 1, 'link': '/api/v1/sports/1', 'abbreviation': 'MLB'}",1,47,"{'code': '6', 'name': 'Shortstop', 'type': 'Infielder', 'abbreviation': 'SS'}",2024,26,157,182,158,78,28,2,15,111,25,1,160,14,0.266,602,0.308,0.394,0.702,6,20,.769,.231,15,2272,650,237,70,283,3,6,.301,1.15,0,40.13
2024,"{'id': 112, 'name': 'Chicago Cubs', 'link': '/api/v1/teams/112'}","{'id': 641355, 'fullName': 'Cody Bellinger', 'link': '/api/v1/people/641355', 'firstName': 'Cody', 'lastName': 'Bellinger'}","{'id': 104, 'name': 'NL', 'link': '/api/v1/league/104'}","{'id': 1, 'link': '/api/v1/sports/1', 'abbreviation': 'MLB'}",1,48,"{'code': '9', 'name': 'Outfielder', 'type': 'Outfielder', 'abbreviation': 'RF'}",2024,28,130,102,193,72,23,3,18,89,45,7,137,3,0.266,516,0.325,0.426,0.751,2,9,.818,.182,10,2083,569,220,78,232,0,5,.287,0.53,0,28.67
2024,"{'id': 140, 'name': 'Texas Rangers', 'link': '/api/v1/teams/140'}","{'id': 663993, 'fullName': 'Nathaniel Lowe', 'link': '/api/v1/people/663993', 'firstName': 'Nathaniel', 'lastName': 'Lowe'}","{'id': 103, 'name': 'AL', 'link': '/api/v1/league/103'}","{'id': 1, 'link': '/api/v1/sports/1', 'abbreviation': 'MLB'}",1,49,"{'code': '3', 'name': 'First Base', 'type': 'Infielder', 'abbreviation': '1B'}",2024,28,140,128,108,62,16,1,16,125,71,1,129,4,0.265,486,0.361,0.401,0.762,0,2,1.000,.000,9,2356,565,195,69,198,0,4,.324,1.19,0,30.38
2024,"{'id': 118, 'name': 'Kansas City Royals', 'link': '/api/v1/teams/118'}","{'id': 686469, 'fullName': 'Vinnie Pasquantino', 'link': '/api/v1/people/686469', 'firstName': 'Vinnie', 'lastName': 'Pasquantino'}","{'id': 103, 'name': 'AL', 'link': '/api/v1/league/103'}","{'id': 1, 'link': '/api/v1/sports/1', 'abbreviation': 'MLB'}",1,50,"{'code': '3', 'name': 'First Base', 'type': 'Infielder', 'abbreviation': '1B'}",2024,26,131,134,175,64,30,2,19,71,40,1,130,4,0.262,496,0.315,0.446,0.761,0,1,1.000,.000,12,2133,554,221,97,186,1,13,.265,0.77,0,26.10
2025,"{'id': 147, 'name': 'New York Yankees', 'link': '/api/v1/teams/147'}","{'id': 592450, 'fullName': 'Aaron Judge', 'link': '/api/v1/people/592450', 'firstName': 'Aaron', 'lastName': 'Judge'}","{'id': 103, 'name': 'AL', 'link': '/api/v1/league/103'}","{'id': 1, 'link': '/api/v1/sports/1', 'abbreviation': 'MLB'}",1,1,"{'code': '9', 'name': 'Outfielder', 'type': 'Outfielder', 'abbreviation': 'RF'}",2025,33,152,84,125,137,30,2,53,160,124,36,179,7,0.331,541,0.457,0.688,1.145,5,12,.706,.294,16,2631,679,372,114,205,0,7,.376,0.67,0,10.21
2025,"{'id': 141, 'name': 'Toronto Blue Jays', 'link': '/api/v1/teams/141'}","{'id': 666182, 'fullName': 'Bo Bichette', 'link': '/api/v1/people/666182', 'firstName': 'Bo', 'lastName': 'Bichette'}","{'id': 103, 'name': 'AL', 'link': '/api/v1/league/103'}","{'id': 1, 'link': '/api/v1/sports/1', 'abbreviation': 'MLB'}",1,2,"{'code': '6', 'name': 'Shortstop', 'type': 'Infielder', 'abbreviation': 'SS'}",2025,27,139,171,142,78,44,1,18,91,40,2,181,3,0.311,582,0.357,0.483,0.84,3,4,.571,.429,17,2308,628,281,94,214,0,3,.342,1.20,0,32.33
2025,"{'id': 133, 'name': 'Athletics', 'link': '/api/v1/teams/133'}","{'id': 805779, 'fullName': 'Jacob Wilson', 'link': '/api/v1/people/805779', 'firstName': 'Jacob', 'lastName': 'Wilson'}","{'id': 103, 'name': 'AL', 'link': '/api/v1/league/103'}","{'id': 1, 'link': '/api/v1/sports/1', 'abbreviation': 'MLB'}",1,3,"{'code': '6', 'name': 'Shortstop', 'type': 'Infielder', 'abbreviation': 'SS'}",2025,23,125,179,120,62,26,0,13,39,27,1,151,7,0.311,486,0.355,0.444,0.799,2,5,.714,.286,16,1735,523,216,63,178,2,1,.317,1.49,0,37.38
2025,"{'id': 141, 'name': 'Toronto Blue Jays', 'link': '/api/v1/teams/141'}","{'id': 543807, 'fullName': 'George Springer', 'link': '/api/v1/people/543807', 'firstName': 'George', 'lastName': 'Springer'}","{'id': 103, 'name': 'AL', 'link': '/api/v1/league/103'}","{'id': 1, 'link': '/api/v1/sports/1', 'abbreviation': 'MLB'}",1,4,"{'code': '10', 'name': 'Designated Hitter', 'type': 'Hitter', 'abbreviation': 'DH'}",2025,35,140,105,132,106,27,1,32,111,69,3,154,8,0.309,498,0.399,0.56,0.959,1,18,.947,.053,14,2307,586,279,84,183,0,4,.340,0.80,7,15.56
2025,"{'id': 117, 'name': 'Houston Astros', 'link': '/api/v1/teams/117'}","{'id': 665161, 'fullName': 'Jeremy Peña', 'link': '/api/v1/people/665161', 'firstName': 'Jeremy', 'lastName': 'Peña'}","{'id': 103, 'name': 'AL', 'link': '/api/v1/league/103'}","{'id': 1, 'link': '/api/v1/sports/1', 'abbreviation': 'MLB'}",1,5,"{'code': '6', 'name': 'Shortstop', 'type': 'Infielder', 'abbreviation': 'SS'}",2025,27,125,137,116,68,30,2,17,93,35,2,150,12,0.304,493,0.363,0.477,0.84,2,20,.909,.091,9,1779,543,235,62,143,1,2,.345,1.18,0,29.00
2025,"{'id': 143, 'name': 'Philadelphia Phillies', 'link': '/api/v1/teams/143'}","{'id': 607208, 'fullName': 'Trea Turner', 'link': '/api/v1/people/607208', 'firstName': 'Trea', 'lastName': 'Turner'}","{'id': 104, 'name': 'NL', 'link': '/api/v1/league/104'}","{'id': 1, 'link': '/api/v1/sports/1', 'abbreviation': 'MLB'}",1,6,"{'code': '6', 'name': 'Shortstop', 'type': 'Infielder', 'abbreviation': 'SS'}",2025,32,141,159,146,94,31,7,15,107,43,1,179,5,0.304,589,0.355,0.457,0.812,7,36,.837,.163,11,2407,639,269,69,221,0,2,.350,1.09,0,39.27
2025,"{'id': 139, 'name': 'Tampa Bay Rays', 'link': '/api/v1/teams/139'}","{'id': 650490, 'fullName': 'Yandy Díaz', 'link': '/api/v1/people/650490', 'firstName': 'Yandy', 'lastName': 'Díaz'}","{'id': 103, 'name': 'AL', 'link': '/api/v1/league/103'}","{'id': 1, 'link': '/api/v1/sports/1', 'abbreviation': 'MLB'}",1,7,"{'code': '10', 'name': 'Designated Hitter', 'type': 'Hitter', 'abbreviation': 'DH'}",2025,33,150,193,128,79,29,1,25,92,57,4,175,6,0.3,583,0.366,0.482,0.848,1,3,.750,.250,12,2525,651,281,83,209,0,5,.318,1.51,0,23.32
2025,"{'id': 112, 'name': 'Chicago Cubs', 'link': '/api/v1/teams/112'}","{'id': 663538, 'fullName': 'Nico Hoerner', 'link': '/api/v1/people/663538', 'firstName': 'Nico', 'lastName': 'Hoerner'}","{'id': 104, 'name': 'NL', 'link': '/api/v1/league/104'}","{'id': 1, 'link': '/api/v1/sports/1', 'abbreviation': 'MLB'}",1,8,"{'code': '4', 'name': 'Second Base', 'type': 'Infielder', 'abbreviation': '2B'}",2025,28,156,179,197,89,29,4,7,49,39,1,178,7,0.297,599,0.345,0.394,0.739,6,29,.829,.171,4,2305,649,236,61,233,0,4,.313,0.91,0,85.57
2025,"{'id': 118, 'name': 'Kansas City Royals', 'link': '/api/v1/teams/118'}","{'id': 677951, 'fullName': 'Bobby Witt Jr.', 'link': '/api/v1/people/677951', 'firstName': 'Bobby', 'lastName': 'Witt'}","{'id': 103, 'name': 'AL', 'link': '/api/v1/league/103'}","{'id': 1, 'link': '/api/v1/sports/1', 'abbreviation': 'MLB'}",1,9,"{'code': '6', 'name': 'Shortstop', 'type': 'Infielder', 'abbreviation': 'SS'}",2025,25,157,124,197,99,47,6,23,125,49,8,184,8,0.295,623,0.351,0.501,0.852,9,38,.809,.191,7,2511,687,312,88,235,0,7,.334,0.63,0,27.09
2025,"{'id': 119, 'name': 'Los Angeles Dodgers', 'link': '/api/v1/teams/119'}","{'id': 518692, 'fullName': 'Freddie Freeman', 'link': '/api/v1/people/518692', 'firstName': 'Freddie', 'lastName': 'Freeman'}","{'id': 104, 'name': 'NL', 'link': '/api/v1/league/104'}","{'id': 1, 'link': '/api/v1/sports/1', 'abbreviation': 'MLB'}",1,10,"{'code': '3', 'name': 'First Base', 'type': 'Infielder', 'abbreviation': '1B'}",2025,35,147,128,141,81,39,2,24,128,60,7,164,6,0.295,556,0.367,0.502,0.869,2,6,.750,.250,13,2382,627,279,90,220,0,5,.342,0.91,0,23.17
2025,"{'id': 136, 'name': 'Seattle Mariners', 'link': '/api/v1/teams/136'}","{'id': 647304, 'fullName': 'Josh Naylor', 'link': '/api/v1/people/647304', 'firstName': 'Josh', 'lastName': 'Naylor'}","{'id': 103, 'name': 'AL', 'link': '/api/v1/league/103'}","{'id': 1, 'link': '/api/v1/sports/1', 'abbreviation': 'MLB'}",2,11,"{'code': '3', 'name': 'First Base', 'type': 'Infielder', 'abbreviation': '1B'}",2025,28,147,158,147,81,29,1,20,83,48,4,160,4,0.295,543,0.353,0.462,0.815,2,30,.938,.063,17,2013,604,251,92,231,0,5,.315,1.07,4,27.15
2025,"{'id': 141, 'name': 'Toronto Blue Jays', 'link': '/api/v1/teams/141'}","{'id': 665489, 'fullName': 'Vladimir Guerrero Jr.', 'link': '/api/v1/people/665489', 'firstName': 'Vladimir', 'lastName': 'Guerrero'}","{'id': 103, 'name': 'AL', 'link': '/api/v1/league/103'}","{'id': 1, 'link': '/api/v1/sports/1', 'abbreviation': 'MLB'}",1,12,"{'code': '3', 'name': 'First Base', 'type': 'Infielder', 'abbreviation': '1B'}",2025,26,156,179,148,96,34,0,23,94,81,8,172,6,0.292,589,0.381,0.467,0.848,3,6,.667,.333,17,2502,680,275,84,227,0,4,.313,1.21,0,25.61
2025,"{'id': 135, 'name': 'San Diego Padres', 'link': '/api/v1/teams/135'}","{'id': 650333, 'fullName': 'Luis Arraez', 'link': '/api/v1/people/650333', 'firstName': 'Luis', 'lastName': 'Arraez'}","{'id': 104, 'name': 'NL', 'link': '/api/v1/league/104'}","{'id': 1, 'link': '/api/v1/sports/1', 'abbreviation': 'MLB'}",1,13,"{'code': '3', 'name': 'First Base', 'type': 'Infielder', 'abbreviation': '1B'}",2025,28,154,215,222,66,30,4,8,21,34,0,181,2,0.292,620,0.327,0.392,0.719,4,11,.733,.267,12,2467,675,243,61,253,12,7,.289,0.97,0,77.50
2025,"{'id': 109, 'name': 'Arizona Diamondbacks', 'link': '/api/v1/teams/109'}","{'id': 672695, 'fullName': 'Geraldo Perdomo', 'link': '/api/v1/people/672695', 'firstName': 'Geraldo', 'lastName': 'Perdomo'}","{'id': 104, 'name': 'NL', 'link': '/api/v1/league/104'}","{'id': 1, 'link': '/api/v1/sports/1', 'abbreviation': 'MLB'}",1,14,"{'code': '6', 'name': 'Shortstop', 'type': 'Infielder', 'abbreviation': 'SS'}",2025,25,161,167,193,98,33,5,20,83,94,1,173,10,0.29,597,0.389,0.462,0.851,6,27,.818,.182,11,3007,720,276,100,214,8,11,.303,0.87,0,29.85
2025,"{'id': 138, 'name': 'St. Louis Cardinals', 'link': '/api/v1/teams/138'}","{'id': 676475, 'fullName': 'Alec Burleson', 'link': '/api/v1/people/676475', 'firstName': 'Alec', 'lastName': 'Burleson'}","{'id': 104, 'name': 'NL', 'link': '/api/v1/league/104'}","{'id': 1, 'link': '/api/v1/sports/1', 'abbreviation': 'MLB'}",1,15,"{'code': '3', 'name': 'First Base', 'type': 'Infielder', 'abbreviation': '1B'}",2025,26,139,119,160,54,26,2,18,79,39,1,144,3,0.29,497,0.343,0.459,0.802,1,5,.833,.167,14,1933,546,228,69,215,1,4,.312,0.74,2,27.61
2025,"{'id': 158, 'name': 'Milwaukee Brewers', 'link': '/api/v1/teams/158'}","{'id': 686217, 'fullName': 'Sal Frelick', 'link': '/api/v1/people/686217', 'firstName': 'Sal', 'lastName': 'Frelick'}","{'id': 104, 'name': 'NL', 'link': '/api/v1/league/104'}","{'id': 1, 'link': '/api/v1/sports/1', 'abbreviation': 'MLB'}",1,16,"{'code': '9', 'name': 'Outfielder', 'type': 'Outfielder', 'abbreviation': 'RF'}",2025,25,142,153,151,76,20,3,12,80,47,0,152,7,0.288,528,0.351,0.405,0.756,6,19,.760,.240,4,2311,594,214,63,222,3,5,.317,1.01,4,44.00
2025,"{'id': 158, 'name': 'Milwaukee Brewers', 'link': '/api/v1/teams/158'}","{'id': 668930, 'fullName': 'Brice Turang', 'link': '/api/v1/people/668930', 'firstName': 'Brice', 'lastName': 'Turang'}","{'id': 104, 'name': 'NL', 'link': '/api/v1/league/104'}","{'id': 1, 'link': '/api/v1/sports/1', 'abbreviation': 'MLB'}",1,17,"{'code': '4', 'name': 'Second Base', 'type': 'Infielder', 'abbreviation': '2B'}",2025,25,156,132,141,97,28,2,18,150,66,1,168,2,0.288,584,0.359,0.435,0.794,8,24,.750,.250,3,2772,659,254,81,214,2,5,.356,0.94,0,32.44
2025,"{'id': 138, 'name': 'St. Louis Cardinals', 'link': '/api/v1/teams/138'}","{'id': 680977, 'fullName': 'Brendan Donovan', 'link': '/api/v1/people/680977', 'firstName': 'Brendan', 'lastName': 'Donovan'}","{'id': 104, 'name': 'NL', 'link': '/api/v1/league/104'}","{'id': 1, 'link': '/api/v1/sports/1', 'abbreviation': 'MLB'}",1,18,"{'code': '4', 'name': 'Second Base', 'type': 'Infielder', 'abbreviation': '2B'}",2025,28,118,131,136,64,32,0,10,67,42,3,132,7,0.287,460,0.353,0.422,0.775,3,3,.500,.500,4,1923,515,194,50,162,2,4,.315,0.96,0,46.00
2025,"{'id': 143, 'name': 'Philadelphia Phillies', 'link': '/api/v1/teams/143'}","{'id': 664761, 'fullName': 'Alec Bohm', 'link': '/api/v1/people/664761', 'firstName': 'Alec', 'lastName': 'Bohm'}","{'id': 104, 'name': 'NL', 'link': '/api/v1/league/104'}","{'id': 1, 'link': '/api/v1/sports/1', 'abbreviation': 'MLB'}",1,19,"{'code': '5', 'name': 'Third Base', 'type': 'Infielder', 'abbreviation': '3B'}",2025,28,120,140,115,53,18,3,11,82,29,0,133,5,0.287,464,0.331,0.409,0.74,0,2,1.000,.000,16,1801,504,190,59,198,0,6,.324,1.22,0,42.18
2025,"{'id': 118, 'name': 'Kansas City Royals', 'link': '/api/v1/teams/118'}","{'id': 672580, 'fullName': 'Maikel Garcia', 'link': '/api/v1/people/672580', 'firstName': 'Maikel', 'lastName': 'Garcia'}","{'id': 103, 'name': 'AL', 'link': '/api/v1/league/103'}","{'id': 1, 'link': '/api/v1/sports/1', 'abbreviation': 'MLB'}",1,20,"{'code': '5', 'name': 'Third Base', 'type': 'Infielder', 'abbreviation': '3B'}",2025,25,160,168,181,81,39,5,16,84,62,0,170,1,0.286,595,0.351,0.449,0.8,9,23,.719,.281,14,2519,666,267,74,247,3,5,.308,0.93,0,37.19
2025,"{'id': 146, 'name': 'Miami Marlins', 'link': '/api/v1/teams/146'}","{'id': 669364, 'fullName': 'Xavier Edwards', 'link': '/api/v1/people/669364', 'firstName': 'Xavier', 'lastName': 'Edwards'}","{'id': 104, 'name': 'NL', 'link': '/api/v1/league/104'}","{'id': 1, 'link': '/api/v1/sports/1', 'abbreviation': 'MLB'}",1,21,"{'code': '4', 'name': 'Second Base', 'type': 'Infielder', 'abbreviation': '2B'}",2025,25,139,164,156,75,20,5,3,88,49,2,159,3,0.283,561,0.343,0.353,0.696,7,27,.794,.206,6,2250,619,198,43,157,3,3,.330,1.05,0,187.00
2025,"{'id': 109, 'name': 'Arizona Diamondbacks', 'link': '/api/v1/teams/109'}","{'id': 606466, 'fullName': 'Ketel Marte', 'link': '/api/v1/people/606466', 'firstName': 'Ketel', 'lastName': 'Marte'}","{'id': 104, 'name': 'NL', 'link': '/api/v1/league/104'}","{'id': 1, 'link': '/api/v1/sports/1', 'abbreviation': 'MLB'}",1,22,"{'code': '4', 'name': 'Second Base', 'type': 'Infielder', 'abbreviation': '2B'}",2025,31,126,129,135,87,28,0,28,83,64,6,136,9,0.283,480,0.376,0.517,0.893,2,4,.667,.333,12,2095,556,248,72,203,0,3,.290,0.96,0,17.14
2025,"{'id': 114, 'name': 'Cleveland Guardians', 'link': '/api/v1/teams/114'}","{'id': 608070, 'fullName': 'José Ramírez', 'link': '/api/v1/people/608070', 'firstName': 'José', 'lastName': 'Ramírez'}","{'id': 103, 'name': 'AL', 'link': '/api/v1/league/103'}","{'id': 1, 'link': '/api/v1/sports/1', 'abbreviation': 'MLB'}",1,23,"{'code': '5', 'name': 'Third Base', 'type': 'Infielder', 'abbreviation': '3B'}",2025,32,158,135,222,103,34,3,30,74,66,22,168,8,0.283,593,0.36,0.503,0.863,7,44,.863,.137,9,2666,673,298,85,210,0,5,.279,0.61,0,19.77
2025,"{'id': 141, 'name': 'Toronto Blue Jays', 'link': '/api/v1/teams/141'}","{'id': 672386, 'fullName': 'Alejandro Kirk', 'link': '/api/v1/people/672386', 'firstName': 'Alejandro', 'lastName': 'Kirk'}","{'id': 103, 'name': 'AL', 'link': '/api/v1/league/103'}","{'id': 1, 'link': '/api/v1/sports/1', 'abbreviation': 'MLB'}",1,24,"{'code': '2', 'name': 'Catcher', 'type': 'Catcher', 'abbreviation': 'C'}",2025,26,130,132,139,45,18,0,15,59,48,2,127,1,0.282,451,0.348,0.421,0.769,0,1,1.000,.000,16,1977,506,190,76,206,0,6,.292,0.95,0,30.07
2025,"{'id': 119, 'name': 'Los Angeles Dodgers', 'link': '/api/v1/teams/119'}","{'id': 660271, 'fullName': 'Shohei Ohtani', 'link': '/api/v1/people/660271', 'firstName': 'Shohei', 'lastName': 'Ohtani'}","{'id': 104, 'name': 'NL', 'link': '/api/v1/league/104'}","{'id': 1, 'link': '/api/v1/sports/1', 'abbreviation': 'MLB'}",1,25,"{'code': '10', 'name': 'Designated Hitter', 'type': 'Hitter', 'abbreviation': 'DH'}",2025,30,158,120,134,146,25,9,55,187,109,20,172,3,0.282,611,0.392,0.622,1.014,6,20,.769,.231,9,2865,727,380,102,188,0,2,.315,0.90,2,11.11
2025,"{'id': 135, 'name': 'San Diego Padres', 'link': '/api/v1/teams/135'}","{'id': 656811, 'fullName': ""Ryan O'Hearn"", 'link': '/api/v1/people/656811', 'firstName': 'Ryan', 'lastName': ""O'Hearn""}","{'id': 104, 'name': 'NL', 'link': '/api/v1/league/104'}","{'id': 1, 'link': '/api/v1/sports/1', 'abbreviation': 'MLB'}",2,26,"{'code': '3', 'name': 'First Base', 'type': 'Infielder', 'abbreviation': '1B'}",2025,31,144,117,119,67,21,1,17,109,58,4,133,8,0.281,474,0.366,0.437,0.803,1,3,.750,.250,11,2173,544,207,63,207,0,4,.330,0.98,0,27.88
2025,"{'id': 115, 'name': 'Colorado Rockies', 'link': '/api/v1/teams/115'}","{'id': 696100, 'fullName': 'Hunter Goodman', 'link': '/api/v1/people/696100', 'firstName': 'Hunter', 'lastName': 'Goodman'}","{'id': 104, 'name': 'NL', 'link': '/api/v1/league/104'}","{'id': 1, 'link': '/api/v1/sports/1', 'abbreviation': 'MLB'}",1,27,"{'code': '2', 'name': 'Catcher', 'type': 'Catcher', 'abbreviation': 'C'}",2025,25,144,100,140,73,28,5,31,152,33,0,150,4,0.278,540,0.323,0.52,0.843,2,1,.333,.667,16,2149,579,281,91,205,0,2,.331,0.71,0,17.42
2025,"{'id': 141, 'name': 'Toronto Blue Jays', 'link': '/api/v1/teams/141'}","{'id': 676391, 'fullName': 'Ernie Clement', 'link': '/api/v1/people/676391', 'firstName': 'Ernie', 'lastName': 'Clement'}","{'id': 103, 'name': 'AL', 'link': '/api/v1/league/103'}","{'id': 1, 'link': '/api/v1/sports/1', 'abbreviation': 'MLB'}",1,28,"{'code': '5', 'name': 'Third Base', 'type': 'Infielder', 'abbreviation': '3B'}",2025,29,157,129,216,83,35,2,9,61,27,1,151,4,0.277,545,0.313,0.398,0.711,5,6,.545,.455,13,1871,588,217,50,241,7,5,.296,0.60,0,60.56
2025,"{'id': 133, 'name': 'Athletics', 'link': '/api/v1/teams/133'}","{'id': 669127, 'fullName': 'Shea Langeliers', 'link': '/api/v1/people/669127', 'firstName': 'Shea', 'lastName': 'Langeliers'}","{'id': 103, 'name': 'AL', 'link': '/api/v1/league/103'}","{'id': 1, 'link': '/api/v1/sports/1', 'abbreviation': 'MLB'}",1,29,"{'code': '2', 'name': 'Catcher', 'type': 'Catcher', 'abbreviation': 'C'}",2025,27,123,107,143,73,32,0,31,103,36,1,133,1,0.277,481,0.325,0.536,0.861,1,7,.875,.125,10,1924,523,258,72,206,0,5,.290,0.75,0,15.52
2025,"{'id': 133, 'name': 'Athletics', 'link': '/api/v1/teams/133'}","{'id': 691016, 'fullName': 'Tyler Soderstrom', 'link': '/api/v1/people/691016', 'firstName': 'Tyler', 'lastName': 'Soderstrom'}","{'id': 103, 'name': 'AL', 'link': '/api/v1/league/103'}","{'id': 1, 'link': '/api/v1/sports/1', 'abbreviation': 'MLB'}",1,30,"{'code': '7', 'name': 'Outfielder', 'type': 'Outfielder', 'abbreviation': 'LF'}",2025,23,158,153,114,75,34,1,25,141,55,2,155,6,0.276,561,0.346,0.474,0.82,3,8,.727,.273,18,2227,624,266,93,274,0,2,.327,1.34,0,22.44
2025,"{'id': 117, 'name': 'Houston Astros', 'link': '/api/v1/teams/117'}","{'id': 621043, 'fullName': 'Carlos Correa', 'link': '/api/v1/people/621043', 'firstName': 'Carlos', 'lastName': 'Correa'}","{'id': 103, 'name': 'AL', 'link': '/api/v1/league/103'}","{'id': 1, 'link': '/api/v1/sports/1', 'abbreviation': 'MLB'}",2,31,"{'code': '5', 'name': 'Third Base', 'type': 'Infielder', 'abbreviation': '3B'}",2025,30,144,153,124,63,29,0,13,113,45,0,148,1,0.276,537,0.332,0.402,0.734,0,0,.---,.---,19,2311,584,216,52,252,0,1,.328,1.23,0,41.31
2025,"{'id': 135, 'name': 'San Diego Padres', 'link': '/api/v1/teams/135'}","{'id': 592518, 'fullName': 'Manny Machado', 'link': '/api/v1/people/592518', 'firstName': 'Manny', 'lastName': 'Machado'}","{'id': 104, 'name': 'NL', 'link': '/api/v1/league/104'}","{'id': 1, 'link': '/api/v1/sports/1', 'abbreviation': 'MLB'}",1,32,"{'code': '5', 'name': 'Third Base', 'type': 'Infielder', 'abbreviation': '3B'}",2025,32,159,144,176,91,33,0,27,131,55,4,169,3,0.275,615,0.335,0.46,0.795,3,14,.824,.176,16,2647,678,283,95,275,0,5,.307,0.82,0,22.78
2025,"{'id': 147, 'name': 'New York Yankees', 'link': '/api/v1/teams/147'}","{'id': 502671, 'fullName': 'Paul Goldschmidt', 'link': '/api/v1/people/502671', 'firstName': 'Paul', 'lastName': 'Goldschmidt'}","{'id': 103, 'name': 'AL', 'link': '/api/v1/league/103'}","{'id': 1, 'link': '/api/v1/sports/1', 'abbreviation': 'MLB'}",1,33,"{'code': '3', 'name': 'First Base', 'type': 'Infielder', 'abbreviation': '1B'}",2025,37,146,113,144,76,31,1,10,100,36,5,134,4,0.274,489,0.328,0.403,0.731,1,5,.833,.167,8,2092,534,197,45,193,0,2,.325,0.78,3,48.90
2025,"{'id': 110, 'name': 'Baltimore Orioles', 'link': '/api/v1/teams/110'}","{'id': 683002, 'fullName': 'Gunnar Henderson', 'link': '/api/v1/people/683002', 'firstName': 'Gunnar', 'lastName': 'Henderson'}","{'id': 103, 'name': 'AL', 'link': '/api/v1/league/103'}","{'id': 1, 'link': '/api/v1/sports/1', 'abbreviation': 'MLB'}",1,34,"{'code': '6', 'name': 'Shortstop', 'type': 'Infielder', 'abbreviation': 'SS'}",2025,24,154,161,126,85,34,5,17,137,62,6,158,7,0.274,577,0.349,0.438,0.787,5,30,.857,.143,7,2506,651,253,68,195,0,5,.329,1.28,0,33.94
2025,"{'id': 121, 'name': 'New York Mets', 'link': '/api/v1/teams/121'}","{'id': 624413, 'fullName': 'Pete Alonso', 'link': '/api/v1/people/624413', 'firstName': 'Pete', 'lastName': 'Alonso'}","{'id': 104, 'name': 'NL', 'link': '/api/v1/league/104'}","{'id': 1, 'link': '/api/v1/sports/1', 'abbreviation': 'MLB'}",1,35,"{'code': '3', 'name': 'First Base', 'type': 'Infielder', 'abbreviation': '1B'}",2025,30,162,135,166,87,41,1,38,162,61,5,170,15,0.272,624,0.347,0.524,0.871,2,1,.333,.667,23,2807,709,327,126,295,0,9,.305,0.81,0,16.42
2025,"{'id': 144, 'name': 'Atlanta Braves', 'link': '/api/v1/teams/144'}","{'id': 621566, 'fullName': 'Matt Olson', 'link': '/api/v1/people/621566', 'firstName': 'Matt', 'lastName': 'Olson'}","{'id': 104, 'name': 'NL', 'link': '/api/v1/league/104'}","{'id': 1, 'link': '/api/v1/sports/1', 'abbreviation': 'MLB'}",1,35,"{'code': '3', 'name': 'First Base', 'type': 'Infielder', 'abbreviation': '1B'}",2025,31,162,133,150,98,41,2,29,176,91,2,170,4,0.272,624,0.366,0.484,0.85,0,1,1.000,.000,14,3166,724,302,95,271,0,5,.333,0.89,0,21.52
2025,"{'id': 147, 'name': 'New York Yankees', 'link': '/api/v1/teams/147'}","{'id': 641355, 'fullName': 'Cody Bellinger', 'link': '/api/v1/people/641355', 'firstName': 'Cody', 'lastName': 'Bellinger'}","{'id': 103, 'name': 'AL', 'link': '/api/v1/league/103'}","{'id': 1, 'link': '/api/v1/sports/1', 'abbreviation': 'MLB'}",1,37,"{'code': '7', 'name': 'Outfielder', 'type': 'Outfielder', 'abbreviation': 'LF'}",2025,29,152,122,225,89,25,5,29,90,57,1,160,2,0.272,588,0.334,0.48,0.814,2,13,.867,.133,8,2594,656,282,98,262,0,9,.274,0.54,0,20.28
2025,"{'id': 114, 'name': 'Cleveland Guardians', 'link': '/api/v1/teams/114'}","{'id': 680757, 'fullName': 'Steven Kwan', 'link': '/api/v1/people/680757', 'firstName': 'Steven', 'lastName': 'Kwan'}","{'id': 103, 'name': 'AL', 'link': '/api/v1/league/103'}","{'id': 1, 'link': '/api/v1/sports/1', 'abbreviation': 'MLB'}",1,38,"{'code': '7', 'name': 'Outfielder', 'type': 'Outfielder', 'abbreviation': 'LF'}",2025,27,156,167,238,81,29,1,11,60,55,2,170,3,0.272,625,0.33,0.374,0.704,5,21,.808,.192,3,2786,693,234,56,168,3,7,.283,0.70,0,56.82
2025,"{'id': 119, 'name': 'Los Angeles Dodgers', 'link': '/api/v1/teams/119'}","{'id': 681624, 'fullName': 'Andy Pages', 'link': '/api/v1/people/681624', 'firstName': 'Andy', 'lastName': 'Pages'}","{'id': 104, 'name': 'NL', 'link': '/api/v1/league/104'}","{'id': 1, 'link': '/api/v1/sports/1', 'abbreviation': 'MLB'}",1,39,"{'code': '8', 'name': 'Outfielder', 'type': 'Outfielder', 'abbreviation': 'CF'}",2025,24,156,117,177,74,27,1,27,135,29,0,158,8,0.272,581,0.313,0.461,0.774,7,14,.667,.333,9,2365,624,268,86,238,0,6,.308,0.66,0,21.52
2025,"{'id': 158, 'name': 'Milwaukee Brewers', 'link': '/api/v1/teams/158'}","{'id': 694192, 'fullName': 'Jackson Chourio', 'link': '/api/v1/people/694192', 'firstName': 'Jackson', 'lastName': 'Chourio'}","{'id': 104, 'name': 'NL', 'link': '/api/v1/league/104'}","{'id': 1, 'link': '/api/v1/sports/1', 'abbreviation': 'MLB'}",1,40,"{'code': '8', 'name': 'Outfielder', 'type': 'Outfielder', 'abbreviation': 'CF'}",2025,21,131,129,158,88,35,4,21,121,30,1,148,3,0.27,549,0.308,0.463,0.771,7,21,.750,.250,13,2108,589,254,78,218,1,6,.308,0.82,0,26.14
2025,"{'id': 113, 'name': 'Cincinnati Reds', 'link': '/api/v1/teams/113'}","{'id': 666158, 'fullName': 'Gavin Lux', 'link': '/api/v1/people/666158', 'firstName': 'Gavin', 'lastName': 'Lux'}","{'id': 104, 'name': 'NL', 'link': '/api/v1/league/104'}","{'id': 1, 'link': '/api/v1/sports/1', 'abbreviation': 'MLB'}",1,41,"{'code': '10', 'name': 'Designated Hitter', 'type': 'Hitter', 'abbreviation': 'DH'}",2025,27,140,114,99,49,28,2,5,114,56,0,120,0,0.269,446,0.35,0.374,0.724,0,1,1.000,.000,3,2052,503,167,53,174,0,1,.351,1.15,0,89.20
2025,"{'id': 135, 'name': 'San Diego Padres', 'link': '/api/v1/teams/135'}","{'id': 665487, 'fullName': 'Fernando Tatis Jr.', 'link': '/api/v1/people/665487', 'firstName': 'Fernando', 'lastName': 'Tatis'}","{'id': 104, 'name': 'NL', 'link': '/api/v1/league/104'}","{'id': 1, 'link': '/api/v1/sports/1', 'abbreviation': 'MLB'}",1,42,"{'code': '9', 'name': 'Outfielder', 'type': 'Outfielder', 'abbreviation': 'RF'}",2025,26,155,160,148,111,27,2,25,129,89,7,159,6,0.268,594,0.368,0.446,0.814,7,32,.821,.179,6,2636,691,265,71,168,0,2,.303,1.08,0,23.76
2025,"{'id': 121, 'name': 'New York Mets', 'link': '/api/v1/teams/121'}","{'id': 596019, 'fullName': 'Francisco Lindor', 'link': '/api/v1/people/596019', 'firstName': 'Francisco', 'lastName': 'Lindor'}","{'id': 104, 'name': 'NL', 'link': '/api/v1/league/104'}","{'id': 1, 'link': '/api/v1/sports/1', 'abbreviation': 'MLB'}",1,43,"{'code': '6', 'name': 'Shortstop', 'type': 'Infielder', 'abbreviation': 'SS'}",2025,31,160,149,199,117,35,0,31,131,65,2,172,16,0.267,644,0.346,0.466,0.812,6,31,.838,.162,9,2940,732,300,86,223,0,7,.288,0.75,0,20.77
2025,"{'id': 136, 'name': 'Seattle Mariners', 'link': '/api/v1/teams/136'}","{'id': 677594, 'fullName': 'Julio Rodríguez', 'link': '/api/v1/people/677594', 'firstName': 'Julio', 'lastName': 'Rodríguez'}","{'id': 103, 'name': 'AL', 'link': '/api/v1/league/103'}","{'id': 1, 'link': '/api/v1/sports/1', 'abbreviation': 'MLB'}",1,44,"{'code': '8', 'name': 'Outfielder', 'type': 'Outfielder', 'abbreviation': 'CF'}",2025,24,160,174,154,106,31,4,32,152,44,5,174,12,0.267,652,0.324,0.474,0.798,6,30,.833,.167,15,2496,710,309,95,272,0,2,.302,1.13,0,20.38
2025,"{'id': 137, 'name': 'San Francisco Giants', 'link': '/api/v1/teams/137'}","{'id': 808982, 'fullName': 'Jung Hoo Lee', 'link': '/api/v1/people/808982', 'firstName': 'Jung Hoo', 'lastName': 'Lee'}","{'id': 104, 'name': 'NL', 'link': '/api/v1/league/104'}","{'id': 1, 'link': '/api/v1/sports/1', 'abbreviation': 'MLB'}",1,45,"{'code': '8', 'name': 'Outfielder', 'type': 'Outfielder', 'abbreviation': 'CF'}",2025,26,150,182,162,73,31,12,8,71,47,0,149,6,0.266,560,0.327,0.407,0.734,3,10,.769,.231,2,2351,617,228,55,223,0,4,.291,1.12,0,70.00
2025,"{'id': 112, 'name': 'Chicago Cubs', 'link': '/api/v1/teams/112'}","{'id': 663656, 'fullName': 'Kyle Tucker', 'link': '/api/v1/people/663656', 'firstName': 'Kyle', 'lastName': 'Tucker'}","{'id': 104, 'name': 'NL', 'link': '/api/v1/league/104'}","{'id': 1, 'link': '/api/v1/sports/1', 'abbreviation': 'MLB'}",1,46,"{'code': '9', 'name': 'Outfielder', 'type': 'Outfielder', 'abbreviation': 'RF'}",2025,28,136,114,169,91,25,4,22,88,87,7,133,4,0.266,500,0.377,0.464,0.841,3,25,.893,.107,8,2306,597,232,73,180,1,3,.282,0.67,2,22.73
2025,"{'id': 136, 'name': 'Seattle Mariners', 'link': '/api/v1/teams/136'}","{'id': 593871, 'fullName': 'Jorge Polanco', 'link': '/api/v1/people/593871', 'firstName': 'Jorge', 'lastName': 'Polanco'}","{'id': 103, 'name': 'AL', 'link': '/api/v1/league/103'}","{'id': 1, 'link': '/api/v1/sports/1', 'abbreviation': 'MLB'}",1,47,"{'code': '10', 'name': 'Designated Hitter', 'type': 'Hitter', 'abbreviation': 'DH'}",2025,31,138,114,158,64,30,0,26,82,42,1,125,3,0.265,471,0.326,0.495,0.821,3,6,.667,.333,7,2023,524,233,78,164,3,5,.269,0.72,0,18.12
2025,"{'id': 117, 'name': 'Houston Astros', 'link': '/api/v1/teams/117'}","{'id': 514888, 'fullName': 'Jose Altuve', 'link': '/api/v1/people/514888', 'firstName': 'Jose', 'lastName': 'Altuve'}","{'id': 103, 'name': 'AL', 'link': '/api/v1/league/103'}","{'id': 1, 'link': '/api/v1/sports/1', 'abbreviation': 'MLB'}",1,48,"{'code': '4', 'name': 'Second Base', 'type': 'Infielder', 'abbreviation': '2B'}",2025,35,155,149,181,80,24,1,26,109,55,5,156,4,0.265,588,0.329,0.442,0.771,6,10,.625,.375,20,2314,654,260,77,271,1,6,.283,0.82,0,22.62
2025,"{'id': 136, 'name': 'Seattle Mariners', 'link': '/api/v1/teams/136'}","{'id': 641487, 'fullName': 'J.P. Crawford', 'link': '/api/v1/people/641487', 'firstName': 'J.P.', 'lastName': 'Crawford'}","{'id': 103, 'name': 'AL', 'link': '/api/v1/league/103'}","{'id': 1, 'link': '/api/v1/sports/1', 'abbreviation': 'MLB'}",1,49,"{'code': '6', 'name': 'Shortstop', 'type': 'Infielder', 'abbreviation': 'SS'}",2025,30,157,155,149,69,24,0,12,122,74,1,151,3,0.265,570,0.352,0.37,0.722,1,8,.889,.111,11,2731,654,211,58,204,6,1,.318,1.04,0,47.50
2025,"{'id': 145, 'name': 'Chicago White Sox', 'link': '/api/v1/teams/145'}","{'id': 672820, 'fullName': 'Lenyn Sosa', 'link': '/api/v1/people/672820', 'firstName': 'Lenyn', 'lastName': 'Sosa'}","{'id': 103, 'name': 'AL', 'link': '/api/v1/league/103'}","{'id': 1, 'link': '/api/v1/sports/1', 'abbreviation': 'MLB'}",1,50,"{'code': '4', 'name': 'Second Base', 'type': 'Infielder', 'abbreviation': '2B'}",2025,25,140,95,163,57,20,1,22,127,18,0,137,4,0.264,518,0.293,0.434,0.727,1,2,.667,.333,11,2056,544,225,75,240,1,3,.309,0.58,0,23.54
2026,"{'id': 139, 'name': 'Tampa Bay Rays', 'link': '/api/v1/teams/139'}","{'id': 650490, 'fullName': 'Yandy Díaz', 'link': '/api/v1/people/650490', 'firstName': 'Yandy', 'lastName': 'Díaz'}","{'id': 103, 'name': 'AL', 'link': '/api/v1/league/103'}","{'id': 1, 'link': '/api/v1/sports/1', 'abbreviation': 'MLB'}",1,1,"{'code': '10', 'name': 'Designated Hitter', 'type': 'Hitter', 'abbreviation': 'DH'}",2026,34,78,87,67,45,15,1,12,45,34,4,99,9,0.336,295,0.416,0.515,0.931,0,1,1.000,.000,9,1258,341,152,53,96,0,3,.361,1.30,0,24.58
2026,"{'id': 146, 'name': 'Miami Marlins', 'link': '/api/v1/teams/146'}","{'id': 672640, 'fullName': 'Otto Lopez', 'link': '/api/v1/people/672640', 'firstName': 'Otto', 'lastName': 'Lopez'}","{'id': 104, 'name': 'NL', 'link': '/api/v1/league/104'}","{'id': 1, 'link': '/api/v1/sports/1', 'abbreviation': 'MLB'}",1,2,"{'code': '6', 'name': 'Shortstop', 'type': 'Infielder', 'abbreviation': 'SS'}",2026,27,83,95,79,52,21,4,6,50,16,0,109,4,0.332,328,0.365,0.476,0.841,3,16,.842,.158,8,1276,353,156,36,120,0,5,.372,1.20,0,54.67
2026,"{'id': 137, 'name': 'San Francisco Giants', 'link': '/api/v1/teams/137'}","{'id': 650333, 'fullName': 'Luis Arraez', 'link': '/api/v1/people/650333', 'firstName': 'Luis', 'lastName': 'Arraez'}","{'id': 104, 'name': 'NL', 'link': '/api/v1/league/104'}","{'id': 1, 'link': '/api/v1/sports/1', 'abbreviation': 'MLB'}",1,3,"{'code': '4', 'name': 'Second Base', 'type': 'Infielder', 'abbreviation': '2B'}",2026,29,78,94,116,42,17,6,3,13,19,3,100,3,0.324,309,0.36,0.447,0.807,0,6,1.000,.000,5,1271,345,138,31,86,6,8,.322,0.81,0,103.00
2026,"{'id': 137, 'name': 'San Francisco Giants', 'link': '/api/v1/teams/137'}","{'id': 808982, 'fullName': 'Jung Hoo Lee', 'link': '/api/v1/people/808982', 'firstName': 'Jung Hoo', 'lastName': 'Lee'}","{'id': 104, 'name': 'NL', 'link': '/api/v1/league/104'}","{'id': 1, 'link': '/api/v1/sports/1', 'abbreviation': 'MLB'}",1,4,"{'code': '9', 'name': 'Outfielder', 'type': 'Outfielder', 'abbreviation': 'RF'}",2026,27,75,80,88,41,19,3,5,29,13,0,92,3,0.322,286,0.354,0.462,0.816,0,5,1.000,.000,4,1129,305,132,31,78,0,3,.341,0.91,0,57.20
2026,"{'id': 143, 'name': 'Philadelphia Phillies', 'link': '/api/v1/teams/143'}","{'id': 669016, 'fullName': 'Brandon Marsh', 'link': '/api/v1/people/669016', 'firstName': 'Brandon', 'lastName': 'Marsh'}","{'id': 104, 'name': 'NL', 'link': '/api/v1/league/104'}","{'id': 1, 'link': '/api/v1/sports/1', 'abbreviation': 'MLB'}",1,5,"{'code': '7', 'name': 'Outfielder', 'type': 'Outfielder', 'abbreviation': 'LF'}",2026,28,79,53,68,46,15,2,12,79,14,1,93,2,0.321,290,0.353,0.51,0.863,3,8,.727,.273,2,1123,309,148,42,108,0,3,.401,0.78,0,24.17
2026,"{'id': 115, 'name': 'Colorado Rockies', 'link': '/api/v1/teams/115'}","{'id': 687859, 'fullName': 'Troy Johnston', 'link': '/api/v1/people/687859', 'firstName': 'Troy', 'lastName': 'Johnston'}","{'id': 104, 'name': 'NL', 'link': '/api/v1/league/104'}","{'id': 1, 'link': '/api/v1/sports/1', 'abbreviation': 'MLB'}",1,6,"{'code': '9', 'name': 'Outfielder', 'type': 'Outfielder', 'abbreviation': 'RF'}",2026,29,76,59,67,30,22,0,3,49,22,0,79,4,0.315,251,0.376,0.438,0.814,4,4,.500,.500,2,996,280,110,36,103,1,2,.378,0.88,0,83.67
2026,"{'id': 117, 'name': 'Houston Astros', 'link': '/api/v1/teams/117'}","{'id': 670541, 'fullName': 'Yordan Alvarez', 'link': '/api/v1/people/670541', 'firstName': 'Yordan', 'lastName': 'Alvarez'}","{'id': 103, 'name': 'AL', 'link': '/api/v1/league/103'}","{'id': 1, 'link': '/api/v1/sports/1', 'abbreviation': 'MLB'}",1,7,"{'code': '10', 'name': 'Designated Hitter', 'type': 'Hitter', 'abbreviation': 'DH'}",2026,29,84,51,96,58,16,0,25,63,57,13,94,5,0.311,302,0.426,0.613,1.039,0,1,1.000,.000,2,1414,366,185,56,107,0,2,.319,0.53,0,12.08
2026,"{'id': 158, 'name': 'Milwaukee Brewers', 'link': '/api/v1/teams/158'}","{'id': 661388, 'fullName': 'William Contreras', 'link': '/api/v1/people/661388', 'firstName': 'William', 'lastName': 'Contreras'}","{'id': 104, 'name': 'NL', 'link': '/api/v1/league/104'}","{'id': 1, 'link': '/api/v1/sports/1', 'abbreviation': 'MLB'}",1,8,"{'code': '2', 'name': 'Catcher', 'type': 'Catcher', 'abbreviation': 'C'}",2026,28,77,71,95,46,12,0,9,45,31,3,89,1,0.301,296,0.364,0.432,0.796,2,1,.333,.667,7,1155,332,128,50,126,0,4,.325,0.75,0,32.89
2026,"{'id': 121, 'name': 'New York Mets', 'link': '/api/v1/teams/121'}","{'id': 665742, 'fullName': 'Juan Soto', 'link': '/api/v1/people/665742', 'firstName': 'Juan', 'lastName': 'Soto'}","{'id': 104, 'name': 'NL', 'link': '/api/v1/league/104'}","{'id': 1, 'link': '/api/v1/sports/1', 'abbreviation': 'MLB'}",1,9,"{'code': '7', 'name': 'Outfielder', 'type': 'Outfielder', 'abbreviation': 'LF'}",2026,27,65,63,66,38,7,2,17,35,42,6,70,0,0.3,233,0.406,0.567,0.973,3,6,.667,.333,3,1080,277,132,39,82,0,1,.291,0.95,1,13.71
2026,"{'id': 141, 'name': 'Toronto Blue Jays', 'link': '/api/v1/teams/141'}","{'id': 676391, 'fullName': 'Ernie Clement', 'link': '/api/v1/people/676391', 'firstName': 'Ernie', 'lastName': 'Clement'}","{'id': 103, 'name': 'AL', 'link': '/api/v1/league/103'}","{'id': 1, 'link': '/api/v1/sports/1', 'abbreviation': 'MLB'}",1,10,"{'code': '4', 'name': 'Second Base', 'type': 'Infielder', 'abbreviation': '2B'}",2026,30,81,73,114,37,21,1,7,33,10,0,93,0,0.299,311,0.319,0.441,0.76,1,2,.667,.333,5,969,323,137,28,117,0,2,.315,0.64,0,44.43
2026,"{'id': 146, 'name': 'Miami Marlins', 'link': '/api/v1/teams/146'}","{'id': 669364, 'fullName': 'Xavier Edwards', 'link': '/api/v1/people/669364', 'firstName': 'Xavier', 'lastName': 'Edwards'}","{'id': 104, 'name': 'NL', 'link': '/api/v1/league/104'}","{'id': 1, 'link': '/api/v1/sports/1', 'abbreviation': 'MLB'}",1,11,"{'code': '4', 'name': 'Second Base', 'type': 'Infielder', 'abbreviation': '2B'}",2026,26,84,87,87,45,12,5,6,44,42,4,91,0,0.298,305,0.38,0.43,0.81,3,12,.800,.200,8,1358,351,131,29,119,1,3,.329,1.00,0,50.83
2026,"{'id': 144, 'name': 'Atlanta Braves', 'link': '/api/v1/teams/144'}","{'id': 671739, 'fullName': 'Michael Harris II', 'link': '/api/v1/people/671739', 'firstName': 'Michael', 'lastName': 'Harris'}","{'id': 104, 'name': 'NL', 'link': '/api/v1/league/104'}","{'id': 1, 'link': '/api/v1/sports/1', 'abbreviation': 'MLB'}",1,12,"{'code': '8', 'name': 'Outfielder', 'type': 'Outfielder', 'abbreviation': 'CF'}",2026,25,76,71,66,37,13,0,14,59,13,0,82,1,0.297,276,0.329,0.496,0.825,1,5,.833,.167,2,1063,292,137,43,99,0,2,.332,1.08,0,19.71
2026,"{'id': 134, 'name': 'Pittsburgh Pirates', 'link': '/api/v1/teams/134'}","{'id': 693304, 'fullName': 'Nick Gonzales', 'link': '/api/v1/people/693304', 'firstName': 'Nick', 'lastName': 'Gonzales'}","{'id': 104, 'name': 'NL', 'link': '/api/v1/league/104'}","{'id': 1, 'link': '/api/v1/sports/1', 'abbreviation': 'MLB'}",1,13,"{'code': '5', 'name': 'Third Base', 'type': 'Infielder', 'abbreviation': '3B'}",2026,27,78,88,59,44,11,1,3,58,20,0,86,6,0.297,290,0.353,0.372,0.725,2,4,.667,.333,9,1165,317,108,35,124,0,1,.361,1.49,0,96.67
2026,"{'id': 119, 'name': 'Los Angeles Dodgers', 'link': '/api/v1/teams/119'}","{'id': 660271, 'fullName': 'Shohei Ohtani', 'link': '/api/v1/people/660271', 'firstName': 'Shohei', 'lastName': 'Ohtani'}","{'id': 104, 'name': 'NL', 'link': '/api/v1/league/104'}","{'id': 1, 'link': '/api/v1/sports/1', 'abbreviation': 'MLB'}",1,14,"{'code': '10', 'name': 'Designated Hitter', 'type': 'Hitter', 'abbreviation': 'DH'}",2026,31,80,61,64,59,15,2,17,82,55,9,85,5,0.295,288,0.412,0.538,0.95,2,6,.750,.250,5,1375,354,155,47,97,0,4,.352,0.95,2,16.94
2026,"{'id': 115, 'name': 'Colorado Rockies', 'link': '/api/v1/teams/115'}","{'id': 681198, 'fullName': 'TJ Rumfield', 'link': '/api/v1/people/681198', 'firstName': 'TJ', 'lastName': 'Rumfield'}","{'id': 104, 'name': 'NL', 'link': '/api/v1/league/104'}","{'id': 1, 'link': '/api/v1/sports/1', 'abbreviation': 'MLB'}",1,15,"{'code': '3', 'name': 'First Base', 'type': 'Infielder', 'abbreviation': '1B'}",2026,26,81,81,77,36,17,2,12,48,31,0,85,6,0.294,289,0.372,0.491,0.863,0,0,.---,.---,2,1226,328,142,45,112,0,2,.316,1.05,0,24.08
2026,"{'id': 140, 'name': 'Texas Rangers', 'link': '/api/v1/teams/140'}","{'id': 673962, 'fullName': 'Josh Jung', 'link': '/api/v1/people/673962', 'firstName': 'Josh', 'lastName': 'Jung'}","{'id': 103, 'name': 'AL', 'link': '/api/v1/league/103'}","{'id': 1, 'link': '/api/v1/sports/1', 'abbreviation': 'MLB'}",1,16,"{'code': '5', 'name': 'Third Base', 'type': 'Infielder', 'abbreviation': '3B'}",2026,28,78,80,78,38,19,0,8,59,25,0,89,5,0.293,304,0.354,0.434,0.788,1,1,.500,.500,13,1218,336,132,31,120,0,2,.339,1.03,0,38.00
2026,"{'id': 145, 'name': 'Chicago White Sox', 'link': '/api/v1/teams/145'}","{'id': 803011, 'fullName': 'Sam Antonacci', 'link': '/api/v1/people/803011', 'firstName': 'Sam', 'lastName': 'Antonacci'}","{'id': 103, 'name': 'AL', 'link': '/api/v1/league/103'}","{'id': 1, 'link': '/api/v1/sports/1', 'abbreviation': 'MLB'}",1,17,"{'code': '7', 'name': 'Outfielder', 'type': 'Outfielder', 'abbreviation': 'LF'}",2026,23,64,73,46,41,10,2,4,39,20,0,64,16,0.292,219,0.391,0.411,0.802,4,11,.733,.267,1,1020,258,90,22,54,2,1,.339,1.59,0,54.75
2026,"{'id': 139, 'name': 'Tampa Bay Rays', 'link': '/api/v1/teams/139'}","{'id': 691406, 'fullName': 'Junior Caminero', 'link': '/api/v1/people/691406', 'firstName': 'Junior', 'lastName': 'Caminero'}","{'id': 103, 'name': 'AL', 'link': '/api/v1/league/103'}","{'id': 1, 'link': '/api/v1/sports/1', 'abbreviation': 'MLB'}",1,18,"{'code': '5', 'name': 'Third Base', 'type': 'Infielder', 'abbreviation': '3B'}",2026,22,81,96,60,52,12,0,22,62,47,6,89,0,0.292,305,0.384,0.548,0.932,2,0,.000,1.000,14,1374,354,167,49,134,0,2,.300,1.60,0,13.86
2026,"{'id': 138, 'name': 'St. Louis Cardinals', 'link': '/api/v1/teams/138'}","{'id': 691023, 'fullName': 'Jordan Walker', 'link': '/api/v1/people/691023', 'firstName': 'Jordan', 'lastName': 'Walker'}","{'id': 104, 'name': 'NL', 'link': '/api/v1/league/104'}","{'id': 1, 'link': '/api/v1/sports/1', 'abbreviation': 'MLB'}",1,19,"{'code': '9', 'name': 'Outfielder', 'type': 'Outfielder', 'abbreviation': 'RF'}",2026,24,79,69,66,47,16,0,18,87,24,1,90,2,0.29,310,0.343,0.516,0.859,4,10,.714,.286,6,1221,338,160,58,151,0,2,.348,1.05,0,17.22
2026,"{'id': 137, 'name': 'San Francisco Giants', 'link': '/api/v1/teams/137'}","{'id': 669477, 'fullName': 'Casey Schmitt', 'link': '/api/v1/people/669477', 'firstName': 'Casey', 'lastName': 'Schmitt'}","{'id': 104, 'name': 'NL', 'link': '/api/v1/league/104'}","{'id': 1, 'link': '/api/v1/sports/1', 'abbreviation': 'MLB'}",1,20,"{'code': '7', 'name': 'Outfielder', 'type': 'Outfielder', 'abbreviation': 'LF'}",2026,27,75,53,100,37,15,1,16,61,7,0,86,6,0.29,297,0.316,0.508,0.824,1,7,.875,.125,5,1119,313,151,42,119,0,3,.314,0.53,0,18.56
2026,"{'id': 119, 'name': 'Los Angeles Dodgers', 'link': '/api/v1/teams/119'}","{'id': 518692, 'fullName': 'Freddie Freeman', 'link': '/api/v1/people/518692', 'firstName': 'Freddie', 'lastName': 'Freeman'}","{'id': 104, 'name': 'NL', 'link': '/api/v1/league/104'}","{'id': 1, 'link': '/api/v1/sports/1', 'abbreviation': 'MLB'}",1,21,"{'code': '3', 'name': 'First Base', 'type': 'Infielder', 'abbreviation': '1B'}",2026,36,81,82,79,47,21,1,13,59,43,1,88,3,0.289,305,0.379,0.492,0.871,0,2,1.000,.000,11,1472,354,150,45,132,0,3,.318,1.04,0,23.46
2026,"{'id': 118, 'name': 'Kansas City Royals', 'link': '/api/v1/teams/118'}","{'id': 677951, 'fullName': 'Bobby Witt Jr.', 'link': '/api/v1/people/677951', 'firstName': 'Bobby', 'lastName': 'Witt'}","{'id': 103, 'name': 'AL', 'link': '/api/v1/league/103'}","{'id': 1, 'link': '/api/v1/sports/1', 'abbreviation': 'MLB'}",1,22,"{'code': '6', 'name': 'Shortstop', 'type': 'Infielder', 'abbreviation': 'SS'}",2026,26,79,59,104,42,20,1,10,60,37,3,89,1,0.288,309,0.363,0.456,0.819,4,28,.875,.125,6,1294,350,141,33,113,0,3,.326,0.57,0,30.90
2026,"{'id': 139, 'name': 'Tampa Bay Rays', 'link': '/api/v1/teams/139'}","{'id': 666018, 'fullName': 'Jonathan Aranda', 'link': '/api/v1/people/666018', 'firstName': 'Jonathan', 'lastName': 'Aranda'}","{'id': 103, 'name': 'AL', 'link': '/api/v1/league/103'}","{'id': 1, 'link': '/api/v1/sports/1', 'abbreviation': 'MLB'}",1,23,"{'code': '3', 'name': 'First Base', 'type': 'Infielder', 'abbreviation': '1B'}",2026,28,80,62,73,42,13,0,13,78,47,3,83,6,0.286,290,0.39,0.466,0.856,0,0,.---,.---,7,1377,349,135,57,124,0,6,.341,0.85,0,22.31
2026,"{'id': 134, 'name': 'Pittsburgh Pirates', 'link': '/api/v1/teams/134'}","{'id': 656811, 'fullName': ""Ryan O'Hearn"", 'link': '/api/v1/people/656811', 'firstName': 'Ryan', 'lastName': ""O'Hearn""}","{'id': 104, 'name': 'NL', 'link': '/api/v1/league/104'}","{'id': 1, 'link': '/api/v1/sports/1', 'abbreviation': 'MLB'}",1,24,"{'code': '9', 'name': 'Outfielder', 'type': 'Outfielder', 'abbreviation': 'RF'}",2026,32,69,62,62,38,11,0,13,63,21,1,74,2,0.286,259,0.342,0.479,0.821,0,1,1.000,.000,11,1114,284,124,50,131,0,2,.330,1.00,0,19.92
2026,"{'id': 134, 'name': 'Pittsburgh Pirates', 'link': '/api/v1/teams/134'}","{'id': 668804, 'fullName': 'Bryan Reynolds', 'link': '/api/v1/people/668804', 'firstName': 'Bryan', 'lastName': 'Reynolds'}","{'id': 104, 'name': 'NL', 'link': '/api/v1/league/104'}","{'id': 1, 'link': '/api/v1/sports/1', 'abbreviation': 'MLB'}",1,24,"{'code': '7', 'name': 'Outfielder', 'type': 'Outfielder', 'abbreviation': 'LF'}",2026,31,84,78,61,56,19,2,11,78,55,2,86,5,0.286,301,0.402,0.472,0.874,0,5,1.000,.000,4,1429,363,142,52,112,0,2,.350,1.28,0,27.36
2026,"{'id': 116, 'name': 'Detroit Tigers', 'link': '/api/v1/teams/116'}","{'id': 682985, 'fullName': 'Riley Greene', 'link': '/api/v1/people/682985', 'firstName': 'Riley', 'lastName': 'Greene'}","{'id': 103, 'name': 'AL', 'link': '/api/v1/league/103'}","{'id': 1, 'link': '/api/v1/sports/1', 'abbreviation': 'MLB'}",1,26,"{'code': '7', 'name': 'Outfielder', 'type': 'Outfielder', 'abbreviation': 'LF'}",2026,25,84,50,75,41,17,0,9,95,44,0,87,2,0.285,305,0.377,0.43,0.807,1,1,.500,.500,9,1467,353,131,34,146,0,2,.384,0.67,0,33.89
2026,"{'id': 135, 'name': 'San Diego Padres', 'link': '/api/v1/teams/135'}","{'id': 665487, 'fullName': 'Fernando Tatis Jr.', 'link': '/api/v1/people/665487', 'firstName': 'Fernando', 'lastName': 'Tatis'}","{'id': 104, 'name': 'NL', 'link': '/api/v1/league/104'}","{'id': 1, 'link': '/api/v1/sports/1', 'abbreviation': 'MLB'}",1,27,"{'code': '9', 'name': 'Outfielder', 'type': 'Outfielder', 'abbreviation': 'RF'}",2026,27,81,86,75,35,15,1,3,70,30,1,89,3,0.283,314,0.347,0.366,0.713,8,19,.704,.296,7,1269,353,115,30,83,1,5,.350,1.15,0,104.67
2026,"{'id': 111, 'name': 'Boston Red Sox', 'link': '/api/v1/teams/111'}","{'id': 678882, 'fullName': 'Ceddanne Rafaela', 'link': '/api/v1/people/678882', 'firstName': 'Ceddanne', 'lastName': 'Rafaela'}","{'id': 103, 'name': 'AL', 'link': '/api/v1/league/103'}","{'id': 1, 'link': '/api/v1/sports/1', 'abbreviation': 'MLB'}",1,28,"{'code': '8', 'name': 'Outfielder', 'type': 'Outfielder', 'abbreviation': 'CF'}",2026,25,78,75,70,34,18,3,7,61,15,0,81,6,0.283,286,0.332,0.441,0.773,6,10,.625,.375,8,1150,308,126,35,113,1,0,.339,1.07,0,40.86
2026,"{'id': 136, 'name': 'Seattle Mariners', 'link': '/api/v1/teams/136'}","{'id': 668227, 'fullName': 'Randy Arozarena', 'link': '/api/v1/people/668227', 'firstName': 'Randy', 'lastName': 'Arozarena'}","{'id': 103, 'name': 'AL', 'link': '/api/v1/league/103'}","{'id': 1, 'link': '/api/v1/sports/1', 'abbreviation': 'MLB'}",1,29,"{'code': '7', 'name': 'Outfielder', 'type': 'Outfielder', 'abbreviation': 'LF'}",2026,31,77,76,57,48,19,1,8,73,30,0,80,11,0.283,283,0.37,0.442,0.812,4,19,.826,.174,8,1289,327,125,36,107,0,3,.351,1.33,0,35.38
2026,"{'id': 116, 'name': 'Detroit Tigers', 'link': '/api/v1/teams/116'}","{'id': 805808, 'fullName': 'Kevin McGonigle', 'link': '/api/v1/people/805808', 'firstName': 'Kevin', 'lastName': 'McGonigle'}","{'id': 103, 'name': 'AL', 'link': '/api/v1/league/103'}","{'id': 1, 'link': '/api/v1/sports/1', 'abbreviation': 'MLB'}",1,30,"{'code': '6', 'name': 'Shortstop', 'type': 'Infielder', 'abbreviation': 'SS'}",2026,21,81,53,116,51,18,3,6,48,54,0,85,2,0.281,302,0.394,0.421,0.815,0,11,1.000,.000,2,1468,358,127,28,104,0,0,.319,0.46,0,50.33
2026,"{'id': 134, 'name': 'Pittsburgh Pirates', 'link': '/api/v1/teams/134'}","{'id': 687462, 'fullName': 'Spencer Horwitz', 'link': '/api/v1/people/687462', 'firstName': 'Spencer', 'lastName': 'Horwitz'}","{'id': 104, 'name': 'NL', 'link': '/api/v1/league/104'}","{'id': 1, 'link': '/api/v1/sports/1', 'abbreviation': 'MLB'}",1,31,"{'code': '3', 'name': 'First Base', 'type': 'Infielder', 'abbreviation': '1B'}",2026,28,74,63,78,36,11,1,10,40,40,0,69,5,0.28,246,0.386,0.455,0.841,0,1,1.000,.000,10,1189,295,112,33,109,0,4,.295,0.81,0,24.60
2026,"{'id': 111, 'name': 'Boston Red Sox', 'link': '/api/v1/teams/111'}","{'id': 575929, 'fullName': 'Willson Contreras', 'link': '/api/v1/people/575929', 'firstName': 'Willson', 'lastName': 'Contreras'}","{'id': 103, 'name': 'AL', 'link': '/api/v1/league/103'}","{'id': 1, 'link': '/api/v1/sports/1', 'abbreviation': 'MLB'}",1,32,"{'code': '3', 'name': 'First Base', 'type': 'Infielder', 'abbreviation': '1B'}",2026,34,80,56,65,39,14,2,17,85,31,1,79,14,0.28,282,0.376,0.525,0.901,1,1,.500,.500,7,1281,330,148,50,109,0,3,.339,0.86,0,16.59
2026,"{'id': 138, 'name': 'St. Louis Cardinals', 'link': '/api/v1/teams/138'}","{'id': 676475, 'fullName': 'Alec Burleson', 'link': '/api/v1/people/676475', 'firstName': 'Alec', 'lastName': 'Burleson'}","{'id': 104, 'name': 'NL', 'link': '/api/v1/league/104'}","{'id': 1, 'link': '/api/v1/sports/1', 'abbreviation': 'MLB'}",1,33,"{'code': '3', 'name': 'First Base', 'type': 'Infielder', 'abbreviation': '1B'}",2026,27,80,87,90,42,20,1,13,50,30,2,87,4,0.28,311,0.348,0.476,0.824,0,2,1.000,.000,9,1251,348,148,57,154,0,3,.295,0.97,0,23.92
2026,"{'id': 120, 'name': 'Washington Nationals', 'link': '/api/v1/teams/120'}","{'id': 671277, 'fullName': 'Luis García Jr.', 'link': '/api/v1/people/671277', 'firstName': 'Luis', 'lastName': 'García'}","{'id': 104, 'name': 'NL', 'link': '/api/v1/league/104'}","{'id': 1, 'link': '/api/v1/sports/1', 'abbreviation': 'MLB'}",1,34,"{'code': '3', 'name': 'First Base', 'type': 'Infielder', 'abbreviation': '1B'}",2026,26,78,77,69,38,14,3,16,41,11,0,72,0,0.279,258,0.307,0.543,0.85,1,2,.667,.333,5,968,270,140,55,103,0,1,.277,1.12,0,16.12
2026,"{'id': 133, 'name': 'Athletics', 'link': '/api/v1/teams/133'}","{'id': 701762, 'fullName': 'Nick Kurtz', 'link': '/api/v1/people/701762', 'firstName': 'Nick', 'lastName': 'Kurtz'}","{'id': 103, 'name': 'AL', 'link': '/api/v1/league/103'}","{'id': 1, 'link': '/api/v1/sports/1', 'abbreviation': 'MLB'}",1,34,"{'code': '3', 'name': 'First Base', 'type': 'Infielder', 'abbreviation': '1B'}",2026,23,83,50,53,59,15,1,19,114,73,9,84,2,0.279,301,0.423,0.525,0.948,1,7,.875,.125,5,1610,376,158,64,98,0,0,.387,0.94,0,15.84
2026,"{'id': 146, 'name': 'Miami Marlins', 'link': '/api/v1/teams/146'}","{'id': 689414, 'fullName': 'Liam Hicks', 'link': '/api/v1/people/689414', 'firstName': 'Liam', 'lastName': 'Hicks'}","{'id': 104, 'name': 'NL', 'link': '/api/v1/league/104'}","{'id': 1, 'link': '/api/v1/sports/1', 'abbreviation': 'MLB'}",1,36,"{'code': '2', 'name': 'Catcher', 'type': 'Catcher', 'abbreviation': 'C'}",2026,27,73,73,84,40,7,1,13,28,29,1,69,5,0.278,248,0.359,0.472,0.831,0,1,1.000,.000,2,1035,288,117,53,98,1,5,.264,0.87,0,19.08
2026,"{'id': 112, 'name': 'Chicago Cubs', 'link': '/api/v1/teams/112'}","{'id': 691718, 'fullName': 'Pete Crow-Armstrong', 'link': '/api/v1/people/691718', 'firstName': 'Pete', 'lastName': 'Crow-Armstrong'}","{'id': 104, 'name': 'NL', 'link': '/api/v1/league/104'}","{'id': 1, 'link': '/api/v1/sports/1', 'abbreviation': 'MLB'}",1,37,"{'code': '8', 'name': 'Outfielder', 'type': 'Outfielder', 'abbreviation': 'CF'}",2026,24,84,55,81,51,13,4,17,96,36,2,88,8,0.278,317,0.364,0.505,0.869,5,20,.800,.200,2,1407,364,160,45,118,1,2,.345,0.68,0,18.65
2026,"{'id': 109, 'name': 'Arizona Diamondbacks', 'link': '/api/v1/teams/109'}","{'id': 682998, 'fullName': 'Corbin Carroll', 'link': '/api/v1/people/682998', 'firstName': 'Corbin', 'lastName': 'Carroll'}","{'id': 104, 'name': 'NL', 'link': '/api/v1/league/104'}","{'id': 1, 'link': '/api/v1/sports/1', 'abbreviation': 'MLB'}",1,38,"{'code': '9', 'name': 'Outfielder', 'type': 'Outfielder', 'abbreviation': 'RF'}",2026,25,80,67,78,48,17,10,13,73,36,1,83,4,0.278,299,0.361,0.532,0.893,2,9,.818,.182,4,1307,341,159,43,105,0,2,.326,0.86,0,23.00
2026,"{'id': 144, 'name': 'Atlanta Braves', 'link': '/api/v1/teams/144'}","{'id': 621566, 'fullName': 'Matt Olson', 'link': '/api/v1/people/621566', 'firstName': 'Matt', 'lastName': 'Olson'}","{'id': 104, 'name': 'NL', 'link': '/api/v1/league/104'}","{'id': 1, 'link': '/api/v1/sports/1', 'abbreviation': 'MLB'}",1,39,"{'code': '3', 'name': 'First Base', 'type': 'Infielder', 'abbreviation': '1B'}",2026,32,82,65,87,54,21,0,20,82,34,2,88,1,0.276,319,0.345,0.53,0.875,0,2,1.000,.000,2,1548,357,169,52,144,0,3,.309,0.75,0,15.95
2026,"{'id': 145, 'name': 'Chicago White Sox', 'link': '/api/v1/teams/145'}","{'id': 805367, 'fullName': 'Chase Meidroth', 'link': '/api/v1/people/805367', 'firstName': 'Chase', 'lastName': 'Meidroth'}","{'id': 103, 'name': 'AL', 'link': '/api/v1/league/103'}","{'id': 1, 'link': '/api/v1/sports/1', 'abbreviation': 'MLB'}",1,40,"{'code': '4', 'name': 'Second Base', 'type': 'Infielder', 'abbreviation': '2B'}",2026,24,80,84,56,47,14,0,6,84,29,0,83,2,0.276,301,0.341,0.382,0.723,2,2,.500,.500,4,1404,339,115,27,101,4,2,.362,1.50,1,50.17
2026,"{'id': 143, 'name': 'Philadelphia Phillies', 'link': '/api/v1/teams/143'}","{'id': 547180, 'fullName': 'Bryce Harper', 'link': '/api/v1/people/547180', 'firstName': 'Bryce', 'lastName': 'Harper'}","{'id': 104, 'name': 'NL', 'link': '/api/v1/league/104'}","{'id': 1, 'link': '/api/v1/sports/1', 'abbreviation': 'MLB'}",1,41,"{'code': '3', 'name': 'First Base', 'type': 'Infielder', 'abbreviation': '1B'}",2026,33,84,77,76,55,14,2,19,66,50,2,81,0,0.276,294,0.374,0.531,0.905,3,5,.625,.375,8,1355,350,156,51,116,0,6,.288,1.01,0,15.47
2026,"{'id': 147, 'name': 'New York Yankees', 'link': '/api/v1/teams/147'}","{'id': 700250, 'fullName': 'Ben Rice', 'link': '/api/v1/people/700250', 'firstName': 'Ben', 'lastName': 'Rice'}","{'id': 103, 'name': 'AL', 'link': '/api/v1/league/103'}","{'id': 1, 'link': '/api/v1/sports/1', 'abbreviation': 'MLB'}",1,42,"{'code': '3', 'name': 'First Base', 'type': 'Infielder', 'abbreviation': '1B'}",2026,27,78,70,63,56,15,2,22,77,40,3,79,2,0.275,287,0.366,0.571,0.937,0,2,1.000,.000,6,1307,331,164,53,104,0,2,.300,1.11,0,13.04
2026,"{'id': 120, 'name': 'Washington Nationals', 'link': '/api/v1/teams/120'}","{'id': 682928, 'fullName': 'CJ Abrams', 'link': '/api/v1/people/682928', 'firstName': 'CJ', 'lastName': 'Abrams'}","{'id': 104, 'name': 'NL', 'link': '/api/v1/league/104'}","{'id': 1, 'link': '/api/v1/sports/1', 'abbreviation': 'MLB'}",1,43,"{'code': '6', 'name': 'Shortstop', 'type': 'Infielder', 'abbreviation': 'SS'}",2026,25,82,59,89,51,15,2,17,74,31,2,83,10,0.275,302,0.358,0.507,0.865,4,13,.765,.235,4,1314,346,153,57,117,0,3,.308,0.66,0,17.76
2026,"{'id': 144, 'name': 'Atlanta Braves', 'link': '/api/v1/teams/144'}","{'id': 645277, 'fullName': 'Ozzie Albies', 'link': '/api/v1/people/645277', 'firstName': 'Ozzie', 'lastName': 'Albies'}","{'id': 104, 'name': 'NL', 'link': '/api/v1/league/104'}","{'id': 1, 'link': '/api/v1/sports/1', 'abbreviation': 'MLB'}",1,44,"{'code': '4', 'name': 'Second Base', 'type': 'Infielder', 'abbreviation': '2B'}",2026,29,82,78,119,51,14,0,12,40,24,1,86,4,0.274,314,0.325,0.433,0.758,3,1,.250,.750,3,1225,351,136,44,123,0,9,.273,0.66,0,26.17
2026,"{'id': 115, 'name': 'Colorado Rockies', 'link': '/api/v1/teams/115'}","{'id': 650489, 'fullName': 'Willi Castro', 'link': '/api/v1/people/650489', 'firstName': 'Willi', 'lastName': 'Castro'}","{'id': 104, 'name': 'NL', 'link': '/api/v1/league/104'}","{'id': 1, 'link': '/api/v1/sports/1', 'abbreviation': 'MLB'}",1,45,"{'code': '4', 'name': 'Second Base', 'type': 'Infielder', 'abbreviation': '2B'}",2026,29,72,50,63,37,13,0,6,74,25,0,70,3,0.273,256,0.344,0.395,0.739,4,6,.600,.400,3,1147,285,101,33,86,0,1,.362,0.79,0,42.67
2026,"{'id': 140, 'name': 'Texas Rangers', 'link': '/api/v1/teams/140'}","{'id': 677649, 'fullName': 'Ezequiel Duran', 'link': '/api/v1/people/677649', 'firstName': 'Ezequiel', 'lastName': 'Duran'}","{'id': 103, 'name': 'AL', 'link': '/api/v1/league/103'}","{'id': 1, 'link': '/api/v1/sports/1', 'abbreviation': 'MLB'}",1,46,"{'code': '6', 'name': 'Shortstop', 'type': 'Infielder', 'abbreviation': 'SS'}",2026,27,75,65,57,33,15,2,6,64,21,0,68,1,0.271,251,0.327,0.418,0.745,1,6,.857,.143,3,1072,276,105,41,108,1,2,.339,1.14,0,41.83
2026,"{'id': 111, 'name': 'Boston Red Sox', 'link': '/api/v1/teams/111'}","{'id': 677800, 'fullName': 'Wilyer Abreu', 'link': '/api/v1/people/677800', 'firstName': 'Wilyer', 'lastName': 'Abreu'}","{'id': 103, 'name': 'AL', 'link': '/api/v1/league/103'}","{'id': 1, 'link': '/api/v1/sports/1', 'abbreviation': 'MLB'}",1,47,"{'code': '9', 'name': 'Outfielder', 'type': 'Outfielder', 'abbreviation': 'RF'}",2026,27,80,56,105,36,16,3,10,66,32,1,82,0,0.269,305,0.335,0.439,0.774,2,6,.750,.250,6,1341,342,134,38,146,1,3,.310,0.53,1,30.50
2026,"{'id': 114, 'name': 'Cleveland Guardians', 'link': '/api/v1/teams/114'}","{'id': 677587, 'fullName': 'Brayan Rocchio', 'link': '/api/v1/people/677587', 'firstName': 'Brayan', 'lastName': 'Rocchio'}","{'id': 103, 'name': 'AL', 'link': '/api/v1/league/103'}","{'id': 1, 'link': '/api/v1/sports/1', 'abbreviation': 'MLB'}",1,48,"{'code': '6', 'name': 'Shortstop', 'type': 'Infielder', 'abbreviation': 'SS'}",2026,25,81,74,88,32,13,2,5,42,25,0,73,7,0.268,272,0.342,0.386,0.728,4,13,.765,.235,4,1213,309,105,34,114,2,3,.298,0.84,0,54.40
2026,"{'id': 142, 'name': 'Minnesota Twins', 'link': '/api/v1/teams/142'}","{'id': 621439, 'fullName': 'Byron Buxton', 'link': '/api/v1/people/621439', 'firstName': 'Byron', 'lastName': 'Buxton'}","{'id': 103, 'name': 'AL', 'link': '/api/v1/league/103'}","{'id': 1, 'link': '/api/v1/sports/1', 'abbreviation': 'MLB'}",1,49,"{'code': '8', 'name': 'Outfielder', 'type': 'Outfielder', 'abbreviation': 'CF'}",2026,32,73,43,98,56,15,1,25,81,22,1,81,4,0.268,302,0.325,0.573,0.898,0,7,1.000,.000,2,1206,329,173,43,124,0,1,.284,0.44,0,12.08
2026,"{'id': 113, 'name': 'Cincinnati Reds', 'link': '/api/v1/teams/113'}","{'id': 682829, 'fullName': 'Elly De La Cruz', 'link': '/api/v1/people/682829', 'firstName': 'Elly', 'lastName': 'De La Cruz'}","{'id': 104, 'name': 'NL', 'link': '/api/v1/league/104'}","{'id': 1, 'link': '/api/v1/sports/1', 'abbreviation': 'MLB'}",1,50,"{'code': '6', 'name': 'Shortstop', 'type': 'Infielder', 'abbreviation': 'SS'}",2026,24,63,59,46,42,13,2,12,80,26,0,67,2,0.268,250,0.339,0.48,0.819,5,10,.667,.333,4,1141,280,120,38,104,0,2,.344,1.28,0,20.83
