season,team,player,league,sport,numTeams,rank,position,year,age,gamesPlayed,gamesStarted,groundOuts,airOuts,runs,doubles,triples,homeRuns,strikeOuts,baseOnBalls,intentionalWalks,hits,hitByPitch,avg,atBats,obp,slg,ops,caughtStealing,stolenBases,stolenBasePercentage,caughtStealingPercentage,groundIntoDoublePlay,numberOfPitches,era,inningsPitched,wins,losses,saves,saveOpportunities,holds,blownSaves,earnedRuns,whip,battersFaced,outs,gamesPitched,completeGames,shutouts,strikes,strikePercentage,hitBatsmen,balks,wildPitches,pickoffs,totalBases,groundOutsToAirouts,winPercentage,pitchesPerInning,gamesFinished,strikeoutWalkRatio,strikeoutsPer9Inn,walksPer9Inn,hitsPer9Inn,runsScoredPer9,homeRunsPer9,inheritedRunners,inheritedRunnersScored,catchersInterference,sacBunts,sacFlies
2024,"{'id': 144, 'name': 'Atlanta Braves', 'link': '/api/v1/teams/144'}","{'id': 519242, 'fullName': 'Chris Sale', 'link': '/api/v1/people/519242', 'firstName': 'Chris', 'lastName': 'Sale'}","{'id': 104, 'name': 'NL', 'link': '/api/v1/league/104'}","{'id': 1, 'link': '/api/v1/sports/1', 'abbreviation': 'MLB'}",1,1,"{'code': '1', 'name': 'Pitcher', 'type': 'Pitcher', 'abbreviation': 'P'}",2024,35,29,29,153,136,48,32,4,9,225,39,0,141,8,.216,652,.269,.319,.588,4,12,.750,.250,9,2815,2.38,177.2,18,3,0,0,0,0,47,1.01,702,533,29,0,0,1891,.670,8,1,4,2,208,1.13,.857,15.84,0,5.77,11.40,1.98,7.14,2.43,0.46,0,0,0,2,1
2024,"{'id': 116, 'name': 'Detroit Tigers', 'link': '/api/v1/teams/116'}","{'id': 669373, 'fullName': 'Tarik Skubal', 'link': '/api/v1/people/669373', 'firstName': 'Tarik', 'lastName': 'Skubal'}","{'id': 103, 'name': 'AL', 'link': '/api/v1/league/103'}","{'id': 1, 'link': '/api/v1/sports/1', 'abbreviation': 'MLB'}",1,2,"{'code': '1', 'name': 'Pitcher', 'type': 'Pitcher', 'abbreviation': 'P'}",2024,27,31,31,169,170,54,24,4,15,228,35,0,142,9,.201,705,.247,.311,.558,3,3,.500,.500,12,2866,2.39,192.0,18,4,0,0,0,0,51,0.92,753,576,31,0,0,1985,.690,9,0,2,0,219,0.99,.818,14.93,0,6.51,10.69,1.64,6.66,2.53,0.70,0,0,0,1,3
2024,"{'id': 143, 'name': 'Philadelphia Phillies', 'link': '/api/v1/teams/143'}","{'id': 554430, 'fullName': 'Zack Wheeler', 'link': '/api/v1/people/554430', 'firstName': 'Zack', 'lastName': 'Wheeler'}","{'id': 104, 'name': 'NL', 'link': '/api/v1/league/104'}","{'id': 1, 'link': '/api/v1/sports/1', 'abbreviation': 'MLB'}",1,3,"{'code': '1', 'name': 'Pitcher', 'type': 'Pitcher', 'abbreviation': 'P'}",2024,34,32,32,173,191,62,28,5,20,224,52,0,139,8,.192,723,.253,.328,.581,3,8,.727,.273,13,3134,2.57,200.0,16,7,0,0,0,0,57,0.96,787,600,32,0,0,2056,.660,8,0,8,1,237,0.91,.696,15.67,0,4.31,10.08,2.34,6.26,2.79,0.90,0,0,0,1,3
2024,"{'id': 117, 'name': 'Houston Astros', 'link': '/api/v1/teams/117'}","{'id': 669854, 'fullName': 'Ronel Blanco', 'link': '/api/v1/people/669854', 'firstName': 'Ronel', 'lastName': 'Blanco'}","{'id': 103, 'name': 'AL', 'link': '/api/v1/league/103'}","{'id': 1, 'link': '/api/v1/sports/1', 'abbreviation': 'MLB'}",1,4,"{'code': '1', 'name': 'Pitcher', 'type': 'Pitcher', 'abbreviation': 'P'}",2024,30,30,29,139,186,56,26,3,22,166,68,0,114,2,.190,599,.273,.354,.627,3,7,.700,.300,12,2751,2.80,167.1,13,6,0,0,0,0,52,1.09,676,502,30,1,1,1758,.640,2,0,3,1,212,0.75,.684,16.44,1,2.44,8.93,3.66,6.13,3.01,1.18,0,0,1,1,5
2024,"{'id': 112, 'name': 'Chicago Cubs', 'link': '/api/v1/teams/112'}","{'id': 684007, 'fullName': 'Shota Imanaga', 'link': '/api/v1/people/684007', 'firstName': 'Shota', 'lastName': 'Imanaga'}","{'id': 104, 'name': 'NL', 'link': '/api/v1/league/104'}","{'id': 1, 'link': '/api/v1/sports/1', 'abbreviation': 'MLB'}",1,5,"{'code': '1', 'name': 'Pitcher', 'type': 'Pitcher', 'abbreviation': 'P'}",2024,30,29,29,138,202,66,23,1,27,174,28,0,149,3,.225,662,.259,.385,.644,2,3,.600,.400,7,2590,2.91,173.1,15,3,0,0,0,0,56,1.02,694,520,29,0,0,1778,.690,3,0,3,3,255,0.68,.833,14.94,0,6.21,9.03,1.45,7.74,3.43,1.40,0,0,0,0,1
2024,"{'id': 117, 'name': 'Houston Astros', 'link': '/api/v1/teams/117'}","{'id': 664285, 'fullName': 'Framber Valdez', 'link': '/api/v1/people/664285', 'firstName': 'Framber', 'lastName': 'Valdez'}","{'id': 103, 'name': 'AL', 'link': '/api/v1/league/103'}","{'id': 1, 'link': '/api/v1/sports/1', 'abbreviation': 'MLB'}",1,6,"{'code': '1', 'name': 'Pitcher', 'type': 'Pitcher', 'abbreviation': 'P'}",2024,30,28,28,234,99,60,24,1,13,169,55,0,140,6,.221,634,.287,.323,.610,1,9,.900,.100,32,2598,2.91,176.1,15,7,0,0,0,0,57,1.11,703,529,28,1,0,1645,.630,6,1,8,0,205,2.36,.682,14.73,0,3.07,8.63,2.81,7.15,3.06,0.66,0,0,0,2,6
2024,"{'id': 110, 'name': 'Baltimore Orioles', 'link': '/api/v1/teams/110'}","{'id': 669203, 'fullName': 'Corbin Burnes', 'link': '/api/v1/people/669203', 'firstName': 'Corbin', 'lastName': 'Burnes'}","{'id': 103, 'name': 'AL', 'link': '/api/v1/league/103'}","{'id': 1, 'link': '/api/v1/sports/1', 'abbreviation': 'MLB'}",1,7,"{'code': '1', 'name': 'Pitcher', 'type': 'Pitcher', 'abbreviation': 'P'}",2024,29,32,32,200,188,76,21,1,22,181,48,0,165,2,.226,731,.274,.347,.621,6,41,.872,.128,11,2996,2.92,194.1,15,9,0,0,0,0,63,1.10,784,583,32,0,0,1932,.640,2,3,7,2,254,1.06,.625,15.42,0,3.77,8.38,2.22,7.64,3.52,1.02,0,0,0,0,3
2024,"{'id': 136, 'name': 'Seattle Mariners', 'link': '/api/v1/teams/136'}","{'id': 682243, 'fullName': 'Bryce Miller', 'link': '/api/v1/people/682243', 'firstName': 'Bryce', 'lastName': 'Miller'}","{'id': 103, 'name': 'AL', 'link': '/api/v1/league/103'}","{'id': 1, 'link': '/api/v1/sports/1', 'abbreviation': 'MLB'}",1,8,"{'code': '1', 'name': 'Pitcher', 'type': 'Pitcher', 'abbreviation': 'P'}",2024,25,31,31,140,214,62,25,1,21,171,45,1,131,3,.200,654,.254,.338,.592,7,10,.588,.412,6,2749,2.94,180.1,12,8,0,0,0,0,59,0.98,704,541,31,0,0,1790,.650,3,0,2,1,221,0.65,.600,15.24,0,3.80,8.53,2.25,6.54,3.09,1.05,0,0,0,0,2
2024,"{'id': 135, 'name': 'San Diego Padres', 'link': '/api/v1/teams/135'}","{'id': 650633, 'fullName': 'Michael King', 'link': '/api/v1/people/650633', 'firstName': 'Michael', 'lastName': 'King'}","{'id': 104, 'name': 'NL', 'link': '/api/v1/league/104'}","{'id': 1, 'link': '/api/v1/sports/1', 'abbreviation': 'MLB'}",1,9,"{'code': '1', 'name': 'Pitcher', 'type': 'Pitcher', 'abbreviation': 'P'}",2024,29,31,30,147,164,71,27,2,17,201,63,2,144,7,.221,653,.296,.346,.642,3,8,.727,.273,8,2895,2.95,173.2,13,9,0,0,0,0,57,1.19,726,521,31,0,0,1872,.650,7,0,1,2,226,0.90,.591,16.67,0,3.19,10.42,3.26,7.46,3.68,0.88,0,0,0,2,1
2024,"{'id': 118, 'name': 'Kansas City Royals', 'link': '/api/v1/teams/118'}","{'id': 607625, 'fullName': 'Seth Lugo', 'link': '/api/v1/people/607625', 'firstName': 'Seth', 'lastName': 'Lugo'}","{'id': 103, 'name': 'AL', 'link': '/api/v1/league/103'}","{'id': 1, 'link': '/api/v1/sports/1', 'abbreviation': 'MLB'}",1,10,"{'code': '1', 'name': 'Pitcher', 'type': 'Pitcher', 'abbreviation': 'P'}",2024,34,33,33,213,208,75,36,6,16,181,48,1,177,9,.229,773,.281,.353,.634,5,5,.500,.500,18,3112,3.00,206.2,16,9,0,0,0,0,69,1.09,836,620,33,1,0,2033,.650,9,0,4,0,273,1.02,.640,15.06,0,3.77,7.88,2.09,7.71,3.27,0.70,0,0,0,2,4
2024,"{'id': 111, 'name': 'Boston Red Sox', 'link': '/api/v1/teams/111'}","{'id': 656557, 'fullName': 'Tanner Houck', 'link': '/api/v1/people/656557', 'firstName': 'Tanner', 'lastName': 'Houck'}","{'id': 103, 'name': 'AL', 'link': '/api/v1/league/103'}","{'id': 1, 'link': '/api/v1/sports/1', 'abbreviation': 'MLB'}",1,11,"{'code': '1', 'name': 'Pitcher', 'type': 'Pitcher', 'abbreviation': 'P'}",2024,28,30,30,230,138,75,27,0,11,154,48,1,156,16,.231,674,.296,.320,.616,1,11,.917,.083,16,2735,3.12,178.2,9,10,0,0,0,0,62,1.14,743,536,30,1,1,1809,.660,16,0,2,0,216,1.67,.474,15.31,0,3.21,7.76,2.42,7.86,3.78,0.55,0,0,1,0,4
2024,"{'id': 118, 'name': 'Kansas City Royals', 'link': '/api/v1/teams/118'}","{'id': 666142, 'fullName': 'Cole Ragans', 'link': '/api/v1/people/666142', 'firstName': 'Cole', 'lastName': 'Ragans'}","{'id': 103, 'name': 'AL', 'link': '/api/v1/league/103'}","{'id': 1, 'link': '/api/v1/sports/1', 'abbreviation': 'MLB'}",1,12,"{'code': '1', 'name': 'Pitcher', 'type': 'Pitcher', 'abbreviation': 'P'}",2024,26,32,32,146,174,71,32,3,15,223,67,1,146,6,.213,685,.289,.334,.623,3,8,.727,.273,11,3118,3.14,186.1,11,9,0,0,0,0,65,1.14,762,559,32,1,0,1980,.640,6,0,11,1,229,0.84,.550,16.73,0,3.33,10.77,3.24,7.05,3.43,0.72,0,0,0,3,1
2024,"{'id': 119, 'name': 'Los Angeles Dodgers', 'link': '/api/v1/teams/119'}","{'id': 656427, 'fullName': 'Jack Flaherty', 'link': '/api/v1/people/656427', 'firstName': 'Jack', 'lastName': 'Flaherty'}","{'id': 104, 'name': 'NL', 'link': '/api/v1/league/104'}","{'id': 1, 'link': '/api/v1/sports/1', 'abbreviation': 'MLB'}",2,13,"{'code': '1', 'name': 'Pitcher', 'type': 'Pitcher', 'abbreviation': 'P'}",2024,28,28,28,132,146,61,18,5,24,194,38,0,135,4,.223,605,.273,.388,.661,4,11,.733,.267,7,2646,3.17,162.0,13,7,0,0,0,0,57,1.07,649,486,28,0,0,1698,.640,4,0,6,1,235,0.90,.650,16.33,0,5.11,10.78,2.11,7.50,3.39,1.33,0,0,0,1,1
2024,"{'id': 136, 'name': 'Seattle Mariners', 'link': '/api/v1/teams/136'}","{'id': 669302, 'fullName': 'Logan Gilbert', 'link': '/api/v1/people/669302', 'firstName': 'Logan', 'lastName': 'Gilbert'}","{'id': 103, 'name': 'AL', 'link': '/api/v1/league/103'}","{'id': 1, 'link': '/api/v1/sports/1', 'abbreviation': 'MLB'}",1,14,"{'code': '1', 'name': 'Pitcher', 'type': 'Pitcher', 'abbreviation': 'P'}",2024,27,33,33,196,198,83,39,1,26,220,37,1,148,4,.196,756,.236,.353,.589,4,14,.778,.222,16,3042,3.23,208.2,9,12,0,0,0,0,75,0.89,803,626,33,1,0,1995,.660,4,0,11,1,267,0.99,.429,14.58,0,5.95,9.49,1.60,6.38,3.58,1.12,0,0,0,2,4
2024,"{'id': 144, 'name': 'Atlanta Braves', 'link': '/api/v1/teams/144'}","{'id': 608331, 'fullName': 'Max Fried', 'link': '/api/v1/people/608331', 'firstName': 'Max', 'lastName': 'Fried'}","{'id': 104, 'name': 'NL', 'link': '/api/v1/league/104'}","{'id': 1, 'link': '/api/v1/sports/1', 'abbreviation': 'MLB'}",1,15,"{'code': '1', 'name': 'Pitcher', 'type': 'Pitcher', 'abbreviation': 'P'}",2024,30,29,29,227,110,71,16,1,13,166,57,0,146,7,.226,645,.295,.315,.610,2,13,.867,.133,20,2762,3.25,174.1,11,10,0,0,0,0,63,1.16,714,523,29,2,1,1755,.640,7,0,6,2,203,2.06,.524,15.84,0,2.91,8.57,2.94,7.54,3.67,0.67,0,0,1,0,4
2024,"{'id': 112, 'name': 'Chicago Cubs', 'link': '/api/v1/teams/112'}","{'id': 592791, 'fullName': 'Jameson Taillon', 'link': '/api/v1/people/592791', 'firstName': 'Jameson', 'lastName': 'Taillon'}","{'id': 104, 'name': 'NL', 'link': '/api/v1/league/104'}","{'id': 1, 'link': '/api/v1/sports/1', 'abbreviation': 'MLB'}",1,16,"{'code': '1', 'name': 'Pitcher', 'type': 'Pitcher', 'abbreviation': 'P'}",2024,32,28,28,158,203,67,24,2,21,125,33,0,154,1,.243,633,.280,.387,.667,0,14,1.000,.000,8,2483,3.27,165.1,12,8,0,0,0,0,60,1.13,675,496,28,0,0,1650,.660,1,2,4,1,245,0.78,.600,15.02,0,3.79,6.80,1.80,8.38,3.65,1.14,0,0,1,3,4
2024,"{'id': 138, 'name': 'St. Louis Cardinals', 'link': '/api/v1/teams/138'}","{'id': 607200, 'fullName': 'Erick Fedde', 'link': '/api/v1/people/607200', 'firstName': 'Erick', 'lastName': 'Fedde'}","{'id': 104, 'name': 'NL', 'link': '/api/v1/league/104'}","{'id': 1, 'link': '/api/v1/sports/1', 'abbreviation': 'MLB'}",2,17,"{'code': '1', 'name': 'Pitcher', 'type': 'Pitcher', 'abbreviation': 'P'}",2024,31,31,31,158,203,66,30,4,20,154,52,0,154,5,.233,661,.291,.381,.672,3,10,.769,.231,12,2891,3.30,177.1,9,9,0,0,0,0,65,1.16,726,532,31,0,0,1781,.620,5,1,3,1,252,0.78,.500,16.30,0,2.96,7.82,2.64,7.82,3.35,1.02,0,0,0,1,7
2024,"{'id': 143, 'name': 'Philadelphia Phillies', 'link': '/api/v1/teams/143'}","{'id': 650911, 'fullName': 'Cristopher Sánchez', 'link': '/api/v1/people/650911', 'firstName': 'Cristopher', 'lastName': 'Sánchez'}","{'id': 104, 'name': 'NL', 'link': '/api/v1/league/104'}","{'id': 1, 'link': '/api/v1/sports/1', 'abbreviation': 'MLB'}",1,18,"{'code': '1', 'name': 'Pitcher', 'type': 'Pitcher', 'abbreviation': 'P'}",2024,27,31,31,244,131,76,34,2,11,153,44,0,182,0,.258,706,.301,.358,.659,6,14,.700,.300,18,2797,3.32,181.2,11,9,0,0,0,0,67,1.24,754,545,31,2,1,1896,.680,0,1,7,1,253,1.86,.550,15.40,0,3.48,7.58,2.18,9.02,3.77,0.54,0,0,0,3,1
2024,"{'id': 118, 'name': 'Kansas City Royals', 'link': '/api/v1/teams/118'}","{'id': 608379, 'fullName': 'Michael Wacha', 'link': '/api/v1/people/608379', 'firstName': 'Michael', 'lastName': 'Wacha'}","{'id': 103, 'name': 'AL', 'link': '/api/v1/league/103'}","{'id': 1, 'link': '/api/v1/sports/1', 'abbreviation': 'MLB'}",1,19,"{'code': '1', 'name': 'Pitcher', 'type': 'Pitcher', 'abbreviation': 'P'}",2024,32,29,29,154,181,65,29,4,17,145,45,1,154,5,.246,625,.300,.387,.687,2,4,.667,.333,17,2602,3.35,166.2,13,8,0,0,0,0,62,1.19,685,500,29,0,0,1675,.640,5,0,3,0,242,0.85,.619,15.61,0,3.22,7.83,2.43,8.32,3.51,0.92,0,0,1,5,4
2024,"{'id': 121, 'name': 'New York Mets', 'link': '/api/v1/teams/121'}","{'id': 640455, 'fullName': 'Sean Manaea', 'link': '/api/v1/people/640455', 'firstName': 'Sean', 'lastName': 'Manaea'}","{'id': 104, 'name': 'NL', 'link': '/api/v1/league/104'}","{'id': 1, 'link': '/api/v1/sports/1', 'abbreviation': 'MLB'}",1,20,"{'code': '1', 'name': 'Pitcher', 'type': 'Pitcher', 'abbreviation': 'P'}",2024,32,32,32,142,205,75,27,0,21,184,63,0,134,9,.202,662,.280,.338,.618,3,23,.885,.115,11,2996,3.47,181.2,12,6,0,0,0,0,70,1.08,738,545,32,0,0,1947,.650,9,0,4,3,224,0.69,.667,16.49,0,2.92,9.12,3.12,6.64,3.72,1.04,0,0,1,0,3
2024,"{'id': 135, 'name': 'San Diego Padres', 'link': '/api/v1/teams/135'}","{'id': 656302, 'fullName': 'Dylan Cease', 'link': '/api/v1/people/656302', 'firstName': 'Dylan', 'lastName': 'Cease'}","{'id': 104, 'name': 'NL', 'link': '/api/v1/league/104'}","{'id': 1, 'link': '/api/v1/sports/1', 'abbreviation': 'MLB'}",1,21,"{'code': '1', 'name': 'Pitcher', 'type': 'Pitcher', 'abbreviation': 'P'}",2024,28,33,33,146,186,80,34,1,18,224,65,0,137,2,.200,684,.269,.332,.601,3,6,.667,.333,11,3188,3.47,189.1,14,11,0,0,0,0,73,1.07,762,568,33,1,1,1999,.630,2,0,12,0,227,0.78,.560,16.84,0,3.45,10.65,3.09,6.51,3.80,0.86,0,0,2,3,6
2024,"{'id': 114, 'name': 'Cleveland Guardians', 'link': '/api/v1/teams/114'}","{'id': 676440, 'fullName': 'Tanner Bibee', 'link': '/api/v1/people/676440', 'firstName': 'Tanner', 'lastName': 'Bibee'}","{'id': 103, 'name': 'AL', 'link': '/api/v1/league/103'}","{'id': 1, 'link': '/api/v1/sports/1', 'abbreviation': 'MLB'}",1,22,"{'code': '1', 'name': 'Pitcher', 'type': 'Pitcher', 'abbreviation': 'P'}",2024,25,31,31,131,190,70,40,4,22,187,44,0,150,8,.230,651,.285,.406,.691,6,6,.500,.500,6,2851,3.47,173.2,12,8,0,0,0,0,67,1.12,710,521,31,0,0,1889,.660,8,0,2,4,264,0.69,.600,16.42,0,4.25,9.69,2.28,7.77,3.63,1.14,0,0,0,1,6
2024,"{'id': 137, 'name': 'San Francisco Giants', 'link': '/api/v1/teams/137'}","{'id': 657277, 'fullName': 'Logan Webb', 'link': '/api/v1/people/657277', 'firstName': 'Logan', 'lastName': 'Webb'}","{'id': 104, 'name': 'NL', 'link': '/api/v1/league/104'}","{'id': 1, 'link': '/api/v1/sports/1', 'abbreviation': 'MLB'}",1,23,"{'code': '1', 'name': 'Pitcher', 'type': 'Pitcher', 'abbreviation': 'P'}",2024,27,33,33,275,140,83,35,4,11,172,50,3,202,2,.258,783,.302,.355,.657,5,21,.808,.192,25,3201,3.47,204.2,13,10,0,0,0,0,79,1.23,841,614,33,1,1,2116,.660,2,1,4,2,278,1.96,.565,15.64,0,3.44,7.56,2.20,8.88,3.65,0.48,0,0,0,1,5
2024,"{'id': 117, 'name': 'Houston Astros', 'link': '/api/v1/teams/117'}","{'id': 686613, 'fullName': 'Hunter Brown', 'link': '/api/v1/people/686613', 'firstName': 'Hunter', 'lastName': 'Brown'}","{'id': 103, 'name': 'AL', 'link': '/api/v1/league/103'}","{'id': 1, 'link': '/api/v1/sports/1', 'abbreviation': 'MLB'}",1,24,"{'code': '1', 'name': 'Pitcher', 'type': 'Pitcher', 'abbreviation': 'P'}",2024,25,31,30,167,145,71,16,2,18,179,60,0,156,5,.242,645,.310,.357,.667,9,20,.690,.310,13,2889,3.49,170.0,11,9,0,0,0,0,66,1.27,712,510,31,0,0,1821,.630,5,1,4,0,230,1.15,.550,16.99,0,2.98,9.48,3.18,8.26,3.76,0.95,0,0,0,0,2
2024,"{'id': 136, 'name': 'Seattle Mariners', 'link': '/api/v1/teams/136'}","{'id': 669923, 'fullName': 'George Kirby', 'link': '/api/v1/people/669923', 'firstName': 'George', 'lastName': 'Kirby'}","{'id': 103, 'name': 'AL', 'link': '/api/v1/league/103'}","{'id': 1, 'link': '/api/v1/sports/1', 'abbreviation': 'MLB'}",1,25,"{'code': '1', 'name': 'Pitcher', 'type': 'Pitcher', 'abbreviation': 'P'}",2024,26,33,33,174,213,82,38,3,22,179,23,0,181,7,.245,740,.272,.393,.665,6,24,.800,.200,8,2967,3.53,191.0,14,11,0,0,0,0,75,1.07,778,573,33,0,0,2031,.680,7,1,5,0,291,0.82,.560,15.53,0,7.78,8.43,1.08,8.53,3.86,1.04,0,0,1,2,5
2024,"{'id': 143, 'name': 'Philadelphia Phillies', 'link': '/api/v1/teams/143'}","{'id': 605400, 'fullName': 'Aaron Nola', 'link': '/api/v1/people/605400', 'firstName': 'Aaron', 'lastName': 'Nola'}","{'id': 104, 'name': 'NL', 'link': '/api/v1/league/104'}","{'id': 1, 'link': '/api/v1/sports/1', 'abbreviation': 'MLB'}",1,26,"{'code': '1', 'name': 'Pitcher', 'type': 'Pitcher', 'abbreviation': 'P'}",2024,31,33,33,198,183,84,39,2,30,197,50,0,189,3,.247,764,.295,.421,.716,6,12,.667,.333,10,3189,3.57,199.1,14,8,0,0,0,0,79,1.20,820,598,33,1,1,2090,.660,3,0,2,1,322,1.08,.636,16.00,0,3.94,8.89,2.26,8.53,3.79,1.35,0,0,0,0,3
2024,"{'id': 110, 'name': 'Baltimore Orioles', 'link': '/api/v1/teams/110'}","{'id': 621107, 'fullName': 'Zach Eflin', 'link': '/api/v1/people/621107', 'firstName': 'Zach', 'lastName': 'Eflin'}","{'id': 103, 'name': 'AL', 'link': '/api/v1/league/103'}","{'id': 1, 'link': '/api/v1/sports/1', 'abbreviation': 'MLB'}",2,27,"{'code': '1', 'name': 'Pitcher', 'type': 'Pitcher', 'abbreviation': 'P'}",2024,30,28,28,171,186,71,28,2,22,134,24,0,166,3,.254,653,.283,.404,.687,4,5,.556,.444,6,2447,3.59,165.1,10,9,0,0,0,0,66,1.15,684,496,28,0,0,1665,.680,3,0,2,0,264,0.92,.526,14.80,0,5.58,7.29,1.31,9.04,3.86,1.20,0,0,0,1,3
2024,"{'id': 141, 'name': 'Toronto Blue Jays', 'link': '/api/v1/teams/141'}","{'id': 621244, 'fullName': 'José Berríos', 'link': '/api/v1/people/621244', 'firstName': 'José', 'lastName': 'Berríos'}","{'id': 103, 'name': 'AL', 'link': '/api/v1/league/103'}","{'id': 1, 'link': '/api/v1/sports/1', 'abbreviation': 'MLB'}",1,28,"{'code': '1', 'name': 'Pitcher', 'type': 'Pitcher', 'abbreviation': 'P'}",2024,30,32,32,199,198,79,21,4,31,153,54,1,168,13,.235,714,.300,.406,.706,5,12,.706,.294,21,2914,3.60,192.1,16,11,0,0,0,0,77,1.15,786,577,32,1,0,1910,.660,13,0,1,2,290,1.01,.593,15.15,0,2.83,7.16,2.53,7.86,3.70,1.45,0,0,1,2,2
2024,"{'id': 136, 'name': 'Seattle Mariners', 'link': '/api/v1/teams/136'}","{'id': 622491, 'fullName': 'Luis Castillo', 'link': '/api/v1/people/622491', 'firstName': 'Luis', 'lastName': 'Castillo'}","{'id': 103, 'name': 'AL', 'link': '/api/v1/league/103'}","{'id': 1, 'link': '/api/v1/sports/1', 'abbreviation': 'MLB'}",1,29,"{'code': '1', 'name': 'Pitcher', 'type': 'Pitcher', 'abbreviation': 'P'}",2024,31,30,30,146,188,73,36,2,25,175,47,2,158,5,.238,663,.293,.412,.705,7,13,.650,.350,13,2859,3.64,175.1,11,12,0,0,0,0,71,1.17,719,526,30,0,0,1881,.660,5,0,0,0,273,0.78,.478,16.31,0,3.72,8.98,2.41,8.11,3.75,1.28,0,0,0,2,2
2024,"{'id': 158, 'name': 'Milwaukee Brewers', 'link': '/api/v1/teams/158'}","{'id': 642547, 'fullName': 'Freddy Peralta', 'link': '/api/v1/people/642547', 'firstName': 'Freddy', 'lastName': 'Peralta'}","{'id': 104, 'name': 'NL', 'link': '/api/v1/league/104'}","{'id': 1, 'link': '/api/v1/sports/1', 'abbreviation': 'MLB'}",1,30,"{'code': '1', 'name': 'Pitcher', 'type': 'Pitcher', 'abbreviation': 'P'}",2024,28,32,32,128,176,74,24,1,26,200,68,0,143,10,.224,639,.307,.387,.694,5,17,.773,.227,8,3066,3.68,173.2,11,9,0,0,0,0,71,1.21,725,521,32,0,0,1866,.610,10,1,8,0,247,0.73,.550,17.65,0,2.94,10.36,3.52,7.41,3.83,1.35,0,0,0,4,4
2024,"{'id': 118, 'name': 'Kansas City Royals', 'link': '/api/v1/teams/118'}","{'id': 663903, 'fullName': 'Brady Singer', 'link': '/api/v1/people/663903', 'firstName': 'Brady', 'lastName': 'Singer'}","{'id': 103, 'name': 'AL', 'link': '/api/v1/league/103'}","{'id': 1, 'link': '/api/v1/sports/1', 'abbreviation': 'MLB'}",1,31,"{'code': '1', 'name': 'Pitcher', 'type': 'Pitcher', 'abbreviation': 'P'}",2024,27,32,32,196,157,77,34,3,22,170,54,0,175,10,.253,693,.315,.405,.720,6,3,.333,.667,14,2967,3.71,179.2,9,13,0,0,0,0,74,1.27,762,539,32,0,0,1862,.630,10,0,2,0,281,1.25,.409,16.51,0,3.15,8.52,2.71,8.77,3.86,1.10,0,0,0,4,1
2024,"{'id': 121, 'name': 'New York Mets', 'link': '/api/v1/teams/121'}","{'id': 500779, 'fullName': 'Jose Quintana', 'link': '/api/v1/people/500779', 'firstName': 'Jose', 'lastName': 'Quintana'}","{'id': 104, 'name': 'NL', 'link': '/api/v1/league/104'}","{'id': 1, 'link': '/api/v1/sports/1', 'abbreviation': 'MLB'}",1,32,"{'code': '1', 'name': 'Pitcher', 'type': 'Pitcher', 'abbreviation': 'P'}",2024,35,31,31,186,172,73,29,3,22,135,63,0,150,11,.237,634,.314,.396,.710,2,9,.818,.182,19,2819,3.75,170.1,10,10,0,0,0,0,71,1.25,717,511,31,0,0,1676,.590,11,0,7,0,251,1.08,.500,16.55,0,2.14,7.13,3.33,7.93,3.86,1.16,0,0,0,4,5
2024,"{'id': 147, 'name': 'New York Yankees', 'link': '/api/v1/teams/147'}","{'id': 641482, 'fullName': 'Nestor Cortes', 'link': '/api/v1/people/641482', 'firstName': 'Nestor', 'lastName': 'Cortes'}","{'id': 103, 'name': 'AL', 'link': '/api/v1/league/103'}","{'id': 1, 'link': '/api/v1/sports/1', 'abbreviation': 'MLB'}",1,33,"{'code': '1', 'name': 'Pitcher', 'type': 'Pitcher', 'abbreviation': 'P'}",2024,29,31,30,122,221,74,44,0,24,162,39,0,162,4,.245,661,.290,.421,.711,5,8,.615,.385,10,2849,3.77,174.1,9,10,0,0,0,0,73,1.15,710,523,31,0,0,1854,.650,4,1,2,4,278,0.55,.474,16.34,1,4.15,8.36,2.01,8.36,3.82,1.24,1,0,0,2,4
2024,"{'id': 140, 'name': 'Texas Rangers', 'link': '/api/v1/teams/140'}","{'id': 543135, 'fullName': 'Nathan Eovaldi', 'link': '/api/v1/people/543135', 'firstName': 'Nathan', 'lastName': 'Eovaldi'}","{'id': 103, 'name': 'AL', 'link': '/api/v1/league/103'}","{'id': 1, 'link': '/api/v1/sports/1', 'abbreviation': 'MLB'}",1,34,"{'code': '1', 'name': 'Pitcher', 'type': 'Pitcher', 'abbreviation': 'P'}",2024,34,29,29,190,144,74,28,2,23,166,42,0,147,7,.229,642,.282,.386,.668,0,13,1.000,.000,10,2622,3.80,170.2,12,8,0,0,0,0,72,1.11,696,512,29,0,0,1778,.680,7,0,3,0,248,1.32,.600,15.36,0,3.95,8.75,2.21,7.75,3.90,1.21,0,0,0,0,5
2024,"{'id': 108, 'name': 'Los Angeles Angels', 'link': '/api/v1/teams/108'}","{'id': 542881, 'fullName': 'Tyler Anderson', 'link': '/api/v1/people/542881', 'firstName': 'Tyler', 'lastName': 'Anderson'}","{'id': 103, 'name': 'AL', 'link': '/api/v1/league/103'}","{'id': 1, 'link': '/api/v1/sports/1', 'abbreviation': 'MLB'}",1,35,"{'code': '1', 'name': 'Pitcher', 'type': 'Pitcher', 'abbreviation': 'P'}",2024,34,31,31,163,222,83,32,3,24,142,73,2,158,7,.232,681,.311,.394,.705,3,15,.833,.167,6,2914,3.81,179.1,10,15,0,0,0,0,76,1.29,765,538,31,0,0,1863,.640,7,1,3,0,268,0.73,.400,16.25,0,1.95,7.13,3.66,7.93,4.17,1.20,0,0,0,0,4
2024,"{'id': 141, 'name': 'Toronto Blue Jays', 'link': '/api/v1/teams/141'}","{'id': 592332, 'fullName': 'Kevin Gausman', 'link': '/api/v1/people/592332', 'firstName': 'Kevin', 'lastName': 'Gausman'}","{'id': 103, 'name': 'AL', 'link': '/api/v1/league/103'}","{'id': 1, 'link': '/api/v1/sports/1', 'abbreviation': 'MLB'}",1,36,"{'code': '1', 'name': 'Pitcher', 'type': 'Pitcher', 'abbreviation': 'P'}",2024,33,31,31,155,215,86,41,3,20,162,56,0,165,2,.238,693,.296,.392,.688,4,20,.833,.167,10,2958,3.83,181.0,14,11,0,0,0,0,77,1.22,756,543,31,2,1,1926,.650,2,2,3,2,272,0.72,.560,16.34,0,2.89,8.06,2.78,8.20,4.28,0.99,0,0,1,1,3
2024,"{'id': 138, 'name': 'St. Louis Cardinals', 'link': '/api/v1/teams/138'}","{'id': 543243, 'fullName': 'Sonny Gray', 'link': '/api/v1/people/543243', 'firstName': 'Sonny', 'lastName': 'Gray'}","{'id': 104, 'name': 'NL', 'link': '/api/v1/league/104'}","{'id': 1, 'link': '/api/v1/sports/1', 'abbreviation': 'MLB'}",1,37,"{'code': '1', 'name': 'Pitcher', 'type': 'Pitcher', 'abbreviation': 'P'}",2024,34,28,28,147,136,79,33,6,21,203,39,0,142,3,.228,623,.275,.401,.676,5,25,.833,.167,13,2483,3.84,166.1,13,9,0,0,0,0,71,1.09,671,499,28,0,0,1650,.660,3,1,7,1,250,1.08,.591,14.93,0,5.21,10.98,2.11,7.68,4.27,1.14,0,0,1,2,3
2024,"{'id': 120, 'name': 'Washington Nationals', 'link': '/api/v1/teams/120'}","{'id': 669022, 'fullName': 'MacKenzie Gore', 'link': '/api/v1/people/669022', 'firstName': 'MacKenzie', 'lastName': 'Gore'}","{'id': 104, 'name': 'NL', 'link': '/api/v1/league/104'}","{'id': 1, 'link': '/api/v1/sports/1', 'abbreviation': 'MLB'}",1,38,"{'code': '1', 'name': 'Pitcher', 'type': 'Pitcher', 'abbreviation': 'P'}",2024,25,32,32,142,160,93,36,3,15,181,65,0,171,11,.263,649,.339,.398,.737,2,26,.929,.071,21,2994,3.90,166.1,10,12,0,0,0,0,72,1.42,731,499,32,0,0,1919,.640,11,0,14,0,258,0.89,.455,18.00,0,2.78,9.79,3.52,9.25,5.03,0.81,0,0,1,1,4
2024,"{'id': 121, 'name': 'New York Mets', 'link': '/api/v1/teams/121'}","{'id': 622663, 'fullName': 'Luis Severino', 'link': '/api/v1/people/622663', 'firstName': 'Luis', 'lastName': 'Severino'}","{'id': 104, 'name': 'NL', 'link': '/api/v1/league/104'}","{'id': 1, 'link': '/api/v1/sports/1', 'abbreviation': 'MLB'}",1,39,"{'code': '1', 'name': 'Pitcher', 'type': 'Pitcher', 'abbreviation': 'P'}",2024,30,31,31,186,175,86,23,2,23,161,60,0,166,11,.243,684,.313,.383,.696,5,15,.750,.250,15,2890,3.91,182.0,11,7,0,0,0,0,79,1.24,761,546,31,1,1,1884,.650,11,2,6,2,262,1.06,.611,15.88,0,2.68,7.96,2.97,8.21,4.25,1.14,0,0,2,3,1
2024,"{'id': 147, 'name': 'New York Yankees', 'link': '/api/v1/teams/147'}","{'id': 607074, 'fullName': 'Carlos Rodón', 'link': '/api/v1/people/607074', 'firstName': 'Carlos', 'lastName': 'Rodón'}","{'id': 103, 'name': 'AL', 'link': '/api/v1/league/103'}","{'id': 1, 'link': '/api/v1/sports/1', 'abbreviation': 'MLB'}",1,40,"{'code': '1', 'name': 'Pitcher', 'type': 'Pitcher', 'abbreviation': 'P'}",2024,31,32,32,117,200,81,32,4,31,195,57,0,157,10,.235,667,.304,.435,.739,4,21,.840,.160,8,3102,3.96,175.0,16,9,0,0,0,0,77,1.22,736,525,32,0,0,1980,.640,10,2,3,1,290,0.59,.640,17.73,0,3.42,10.03,2.93,8.07,4.17,1.59,0,0,0,0,2
2024,"{'id': 142, 'name': 'Minnesota Twins', 'link': '/api/v1/teams/142'}","{'id': 641927, 'fullName': 'Bailey Ober', 'link': '/api/v1/people/641927', 'firstName': 'Bailey', 'lastName': 'Ober'}","{'id': 103, 'name': 'AL', 'link': '/api/v1/league/103'}","{'id': 1, 'link': '/api/v1/sports/1', 'abbreviation': 'MLB'}",1,41,"{'code': '1', 'name': 'Pitcher', 'type': 'Pitcher', 'abbreviation': 'P'}",2024,28,31,31,126,207,81,29,5,27,191,43,0,136,6,.208,655,.261,.391,.652,2,3,.600,.400,9,2696,3.98,178.2,12,9,0,0,0,0,79,1.00,709,536,31,1,0,1821,.680,6,0,1,1,256,0.61,.571,15.09,0,4.44,9.62,2.17,6.85,4.08,1.36,0,0,0,1,4
2024,"{'id': 117, 'name': 'Houston Astros', 'link': '/api/v1/teams/117'}","{'id': 579328, 'fullName': 'Yusei Kikuchi', 'link': '/api/v1/people/579328', 'firstName': 'Yusei', 'lastName': 'Kikuchi'}","{'id': 103, 'name': 'AL', 'link': '/api/v1/league/103'}","{'id': 1, 'link': '/api/v1/sports/1', 'abbreviation': 'MLB'}",2,42,"{'code': '1', 'name': 'Pitcher', 'type': 'Pitcher', 'abbreviation': 'P'}",2024,33,32,32,141,176,85,23,1,25,206,44,0,167,2,.245,683,.291,.391,.682,4,8,.667,.333,7,2923,4.05,175.2,9,10,0,0,0,0,79,1.20,736,527,32,0,0,1909,.650,2,0,4,0,267,0.80,.474,16.64,0,4.68,10.55,2.25,8.56,4.35,1.28,0,0,0,4,3
2024,"{'id': 142, 'name': 'Minnesota Twins', 'link': '/api/v1/teams/142'}","{'id': 641154, 'fullName': 'Pablo López', 'link': '/api/v1/people/641154', 'firstName': 'Pablo', 'lastName': 'López'}","{'id': 103, 'name': 'AL', 'link': '/api/v1/league/103'}","{'id': 1, 'link': '/api/v1/sports/1', 'abbreviation': 'MLB'}",1,43,"{'code': '1', 'name': 'Pitcher', 'type': 'Pitcher', 'abbreviation': 'P'}",2024,28,32,32,166,177,90,33,0,26,198,41,0,180,8,.252,715,.298,.407,.705,1,11,.917,.083,11,2986,4.08,185.1,15,10,0,0,0,0,84,1.19,772,556,32,0,0,1991,.670,8,0,3,0,291,0.94,.600,16.11,0,4.83,9.62,1.99,8.74,4.37,1.26,0,0,2,2,4
2024,"{'id': 141, 'name': 'Toronto Blue Jays', 'link': '/api/v1/teams/141'}","{'id': 605135, 'fullName': 'Chris Bassitt', 'link': '/api/v1/people/605135', 'firstName': 'Chris', 'lastName': 'Bassitt'}","{'id': 103, 'name': 'AL', 'link': '/api/v1/league/103'}","{'id': 1, 'link': '/api/v1/sports/1', 'abbreviation': 'MLB'}",1,44,"{'code': '1', 'name': 'Pitcher', 'type': 'Pitcher', 'abbreviation': 'P'}",2024,35,31,31,143,181,91,29,1,18,168,70,2,180,16,.270,667,.352,.397,.749,9,14,.609,.391,14,2959,4.16,171.0,10,14,0,0,0,0,79,1.46,758,513,31,0,0,1881,.640,16,2,2,1,265,0.79,.417,17.30,0,2.40,8.84,3.68,9.47,4.79,0.95,0,0,0,2,3
2024,"{'id': 144, 'name': 'Atlanta Braves', 'link': '/api/v1/teams/144'}","{'id': 450203, 'fullName': 'Charlie Morton', 'link': '/api/v1/people/450203', 'firstName': 'Charlie', 'lastName': 'Morton'}","{'id': 104, 'name': 'NL', 'link': '/api/v1/league/104'}","{'id': 1, 'link': '/api/v1/sports/1', 'abbreviation': 'MLB'}",1,45,"{'code': '1', 'name': 'Pitcher', 'type': 'Pitcher', 'abbreviation': 'P'}",2024,40,30,30,167,130,85,35,2,23,167,65,1,154,18,.251,613,.339,.427,.766,7,12,.632,.368,20,2791,4.19,165.1,8,10,0,0,0,0,77,1.32,701,496,30,0,0,1764,.630,18,1,2,6,262,1.28,.444,16.88,0,2.57,9.09,3.54,8.38,4.63,1.25,0,0,0,1,4
2024,"{'id': 138, 'name': 'St. Louis Cardinals', 'link': '/api/v1/teams/138'}","{'id': 502043, 'fullName': 'Kyle Gibson', 'link': '/api/v1/people/502043', 'firstName': 'Kyle', 'lastName': 'Gibson'}","{'id': 104, 'name': 'NL', 'link': '/api/v1/league/104'}","{'id': 1, 'link': '/api/v1/sports/1', 'abbreviation': 'MLB'}",1,46,"{'code': '1', 'name': 'Pitcher', 'type': 'Pitcher', 'abbreviation': 'P'}",2024,36,30,30,172,166,91,30,4,23,151,68,1,161,4,.251,641,.324,.418,.742,1,8,.889,.111,21,2764,4.24,169.2,8,8,0,0,0,0,80,1.35,722,509,30,0,0,1651,.600,4,0,5,0,268,1.04,.500,16.29,0,2.22,8.01,3.61,8.54,4.83,1.22,0,0,0,3,6
2024,"{'id': 134, 'name': 'Pittsburgh Pirates', 'link': '/api/v1/teams/134'}","{'id': 656605, 'fullName': 'Mitch Keller', 'link': '/api/v1/people/656605', 'firstName': 'Mitch', 'lastName': 'Keller'}","{'id': 104, 'name': 'NL', 'link': '/api/v1/league/104'}","{'id': 1, 'link': '/api/v1/sports/1', 'abbreviation': 'MLB'}",1,47,"{'code': '1', 'name': 'Pitcher', 'type': 'Pitcher', 'abbreviation': 'P'}",2024,28,31,31,168,190,90,38,11,23,166,50,0,182,15,.261,697,.321,.446,.767,1,33,.971,.029,11,2851,4.25,178.0,11,12,0,0,0,0,84,1.30,773,534,31,1,0,1889,.660,15,2,1,0,311,0.88,.478,16.02,0,3.32,8.39,2.53,9.20,4.55,1.16,0,0,2,1,8
2024,"{'id': 158, 'name': 'Milwaukee Brewers', 'link': '/api/v1/teams/158'}","{'id': 607067, 'fullName': 'Colin Rea', 'link': '/api/v1/people/607067', 'firstName': 'Colin', 'lastName': 'Rea'}","{'id': 104, 'name': 'NL', 'link': '/api/v1/league/104'}","{'id': 1, 'link': '/api/v1/sports/1', 'abbreviation': 'MLB'}",1,48,"{'code': '1', 'name': 'Pitcher', 'type': 'Pitcher', 'abbreviation': 'P'}",2024,33,32,27,161,196,83,33,2,29,135,43,1,169,10,.258,656,.311,.447,.758,2,16,.889,.111,13,2650,4.29,167.2,12,6,1,1,1,0,80,1.26,714,503,32,0,0,1725,.650,10,0,2,2,293,0.82,.667,15.81,1,3.14,7.25,2.31,9.07,4.46,1.56,2,1,0,1,4
2024,"{'id': 111, 'name': 'Boston Red Sox', 'link': '/api/v1/teams/111'}","{'id': 676710, 'fullName': 'Kutter Crawford', 'link': '/api/v1/people/676710', 'firstName': 'Kutter', 'lastName': 'Crawford'}","{'id': 103, 'name': 'AL', 'link': '/api/v1/league/103'}","{'id': 1, 'link': '/api/v1/sports/1', 'abbreviation': 'MLB'}",1,49,"{'code': '1', 'name': 'Pitcher', 'type': 'Pitcher', 'abbreviation': 'P'}",2024,28,33,33,140,229,97,30,2,34,175,51,0,155,9,.223,695,.284,.419,.703,3,7,.700,.300,9,2823,4.36,183.2,9,16,0,0,0,0,89,1.12,759,551,33,0,0,1912,.680,9,0,4,0,291,0.61,.360,15.37,0,3.43,8.58,2.50,7.60,4.75,1.67,0,0,0,1,3
2024,"{'id': 133, 'name': 'Oakland Athletics', 'link': '/api/v1/teams/133'}","{'id': 676664, 'fullName': 'JP Sears', 'link': '/api/v1/people/676664', 'firstName': 'JP', 'lastName': 'Sears'}","{'id': 103, 'name': 'AL', 'link': '/api/v1/league/103'}","{'id': 1, 'link': '/api/v1/sports/1', 'abbreviation': 'MLB'}",1,50,"{'code': '1', 'name': 'Pitcher', 'type': 'Pitcher', 'abbreviation': 'P'}",2024,28,32,32,153,232,93,39,3,28,137,49,0,172,14,.251,685,.311,.439,.750,4,23,.852,.148,15,2857,4.38,180.2,11,13,0,0,0,0,88,1.22,758,542,32,0,0,1865,.650,14,1,0,1,301,0.66,.458,15.81,0,2.80,6.82,2.44,8.57,4.63,1.39,0,0,1,2,7
2025,"{'id': 134, 'name': 'Pittsburgh Pirates', 'link': '/api/v1/teams/134'}","{'id': 694973, 'fullName': 'Paul Skenes', 'link': '/api/v1/people/694973', 'firstName': 'Paul', 'lastName': 'Skenes'}","{'id': 104, 'name': 'NL', 'link': '/api/v1/league/104'}","{'id': 1, 'link': '/api/v1/sports/1', 'abbreviation': 'MLB'}",1,1,"{'code': '1', 'name': 'Pitcher', 'type': 'Pitcher', 'abbreviation': 'P'}",2025,23,32,32,167,166,45,37,2,11,216,42,0,136,6,.199,684,.251,.307,.558,2,4,.667,.333,13,2997,1.97,187.2,10,10,0,0,0,0,41,0.95,733,563,32,1,0,1952,.650,6,0,2,1,210,1.01,.500,15.97,0,5.14,10.36,2.01,6.52,2.16,0.53,0,0,0,0,1
2025,"{'id': 116, 'name': 'Detroit Tigers', 'link': '/api/v1/teams/116'}","{'id': 669373, 'fullName': 'Tarik Skubal', 'link': '/api/v1/people/669373', 'firstName': 'Tarik', 'lastName': 'Skubal'}","{'id': 103, 'name': 'AL', 'link': '/api/v1/league/103'}","{'id': 1, 'link': '/api/v1/sports/1', 'abbreviation': 'MLB'}",1,2,"{'code': '1', 'name': 'Pitcher', 'type': 'Pitcher', 'abbreviation': 'P'}",2025,28,31,31,160,168,55,26,2,18,241,33,0,141,5,.200,706,.240,.319,.559,4,3,.429,.571,10,2849,2.21,195.1,13,6,0,0,0,0,48,0.89,748,586,31,1,1,2003,.700,5,2,3,1,225,0.95,.684,14.59,0,7.30,11.10,1.52,6.50,2.53,0.83,0,0,0,2,2
2025,"{'id': 117, 'name': 'Houston Astros', 'link': '/api/v1/teams/117'}","{'id': 686613, 'fullName': 'Hunter Brown', 'link': '/api/v1/people/686613', 'firstName': 'Hunter', 'lastName': 'Brown'}","{'id': 103, 'name': 'AL', 'link': '/api/v1/league/103'}","{'id': 1, 'link': '/api/v1/sports/1', 'abbreviation': 'MLB'}",1,3,"{'code': '1', 'name': 'Pitcher', 'type': 'Pitcher', 'abbreviation': 'P'}",2025,26,31,31,178,148,55,20,3,17,206,57,1,133,7,.201,661,.271,.318,.589,8,20,.714,.286,18,2962,2.43,185.1,12,9,0,0,0,0,50,1.03,729,556,31,1,0,1830,.620,7,1,0,1,210,1.20,.571,15.98,0,3.61,10.00,2.77,6.46,2.67,0.83,0,0,0,2,2
2025,"{'id': 119, 'name': 'Los Angeles Dodgers', 'link': '/api/v1/teams/119'}","{'id': 808967, 'fullName': 'Yoshinobu Yamamoto', 'link': '/api/v1/people/808967', 'firstName': 'Yoshinobu', 'lastName': 'Yamamoto'}","{'id': 104, 'name': 'NL', 'link': '/api/v1/league/104'}","{'id': 1, 'link': '/api/v1/sports/1', 'abbreviation': 'MLB'}",1,4,"{'code': '1', 'name': 'Pitcher', 'type': 'Pitcher', 'abbreviation': 'P'}",2025,26,30,30,181,127,53,20,0,14,201,59,0,113,3,.183,619,.257,.283,.540,5,7,.583,.417,9,2789,2.49,173.2,12,8,0,0,0,0,48,0.99,684,521,30,0,0,1787,.640,3,0,5,0,175,1.43,.600,16.06,0,3.41,10.42,3.06,5.86,2.75,0.73,0,0,0,2,1
2025,"{'id': 143, 'name': 'Philadelphia Phillies', 'link': '/api/v1/teams/143'}","{'id': 650911, 'fullName': 'Cristopher Sánchez', 'link': '/api/v1/people/650911', 'firstName': 'Cristopher', 'lastName': 'Sánchez'}","{'id': 104, 'name': 'NL', 'link': '/api/v1/league/104'}","{'id': 1, 'link': '/api/v1/sports/1', 'abbreviation': 'MLB'}",1,5,"{'code': '1', 'name': 'Pitcher', 'type': 'Pitcher', 'abbreviation': 'P'}",2025,28,32,32,243,131,58,35,0,12,212,44,0,171,6,.227,754,.275,.321,.596,4,10,.714,.286,20,2896,2.50,202.0,13,5,0,0,0,0,56,1.06,807,606,32,1,0,1940,.670,6,1,6,0,242,1.85,.722,14.34,0,4.82,9.45,1.96,7.62,2.58,0.53,0,0,0,2,1
2025,"{'id': 111, 'name': 'Boston Red Sox', 'link': '/api/v1/teams/111'}","{'id': 676979, 'fullName': 'Garrett Crochet', 'link': '/api/v1/people/676979', 'firstName': 'Garrett', 'lastName': 'Crochet'}","{'id': 103, 'name': 'AL', 'link': '/api/v1/league/103'}","{'id': 1, 'link': '/api/v1/sports/1', 'abbreviation': 'MLB'}",1,6,"{'code': '1', 'name': 'Pitcher', 'type': 'Pitcher', 'abbreviation': 'P'}",2025,26,32,32,181,163,62,28,2,24,255,46,0,165,3,.217,762,.264,.353,.617,7,13,.650,.350,10,3151,2.59,205.1,18,5,0,0,0,0,59,1.03,814,616,32,1,1,2114,.670,3,3,7,0,269,1.11,.783,15.35,0,5.54,11.18,2.02,7.23,2.72,1.05,0,0,1,1,1
2025,"{'id': 158, 'name': 'Milwaukee Brewers', 'link': '/api/v1/teams/158'}","{'id': 642547, 'fullName': 'Freddy Peralta', 'link': '/api/v1/people/642547', 'firstName': 'Freddy', 'lastName': 'Peralta'}","{'id': 104, 'name': 'NL', 'link': '/api/v1/league/104'}","{'id': 1, 'link': '/api/v1/sports/1', 'abbreviation': 'MLB'}",1,7,"{'code': '1', 'name': 'Pitcher', 'type': 'Pitcher', 'abbreviation': 'P'}",2025,29,33,33,133,186,54,23,0,21,204,66,0,124,9,.193,643,.277,.327,.604,1,12,.923,.077,8,3086,2.70,176.2,17,6,0,0,0,0,53,1.08,723,530,33,0,0,1902,.620,9,2,4,0,210,0.72,.739,17.47,0,3.09,10.39,3.36,6.32,2.75,1.07,0,0,1,3,1
2025,"{'id': 147, 'name': 'New York Yankees', 'link': '/api/v1/teams/147'}","{'id': 608331, 'fullName': 'Max Fried', 'link': '/api/v1/people/608331', 'firstName': 'Max', 'lastName': 'Fried'}","{'id': 103, 'name': 'AL', 'link': '/api/v1/league/103'}","{'id': 1, 'link': '/api/v1/sports/1', 'abbreviation': 'MLB'}",1,8,"{'code': '1', 'name': 'Pitcher', 'type': 'Pitcher', 'abbreviation': 'P'}",2025,31,32,32,226,161,73,26,7,14,189,51,0,164,10,.223,737,.281,.334,.615,5,6,.545,.455,12,3109,2.86,195.1,19,5,0,0,0,0,62,1.10,801,586,32,0,0,1974,.630,10,1,8,7,246,1.40,.792,15.92,0,3.71,8.71,2.35,7.56,3.36,0.65,0,0,0,1,2
2025,"{'id': 113, 'name': 'Cincinnati Reds', 'link': '/api/v1/teams/113'}","{'id': 671096, 'fullName': 'Andrew Abbott', 'link': '/api/v1/people/671096', 'firstName': 'Andrew', 'lastName': 'Abbott'}","{'id': 104, 'name': 'NL', 'link': '/api/v1/league/104'}","{'id': 1, 'link': '/api/v1/sports/1', 'abbreviation': 'MLB'}",1,9,"{'code': '1', 'name': 'Pitcher', 'type': 'Pitcher', 'abbreviation': 'P'}",2025,26,29,29,112,229,60,29,1,19,149,43,0,148,3,.235,631,.285,.374,.659,1,12,.923,.077,10,2677,2.87,166.1,10,7,0,0,0,0,53,1.15,684,499,29,1,1,1773,.660,3,0,4,2,236,0.49,.588,16.09,0,3.47,8.06,2.33,8.01,3.25,1.03,0,0,0,3,4
2025,"{'id': 135, 'name': 'San Diego Padres', 'link': '/api/v1/teams/135'}","{'id': 601713, 'fullName': 'Nick Pivetta', 'link': '/api/v1/people/601713', 'firstName': 'Nick', 'lastName': 'Pivetta'}","{'id': 104, 'name': 'NL', 'link': '/api/v1/league/104'}","{'id': 1, 'link': '/api/v1/sports/1', 'abbreviation': 'MLB'}",1,10,"{'code': '1', 'name': 'Pitcher', 'type': 'Pitcher', 'abbreviation': 'P'}",2025,32,31,31,136,213,63,19,2,22,190,50,1,129,3,.195,660,.253,.330,.583,3,9,.750,.250,6,2851,2.87,181.2,13,5,0,0,0,0,58,0.99,721,545,31,0,0,1876,.660,3,0,1,2,218,0.64,.722,15.69,0,3.80,9.41,2.48,6.39,3.12,1.09,0,0,0,2,6
2025,"{'id': 136, 'name': 'Seattle Mariners', 'link': '/api/v1/teams/136'}","{'id': 693433, 'fullName': 'Bryan Woo', 'link': '/api/v1/people/693433', 'firstName': 'Bryan', 'lastName': 'Woo'}","{'id': 103, 'name': 'AL', 'link': '/api/v1/league/103'}","{'id': 1, 'link': '/api/v1/sports/1', 'abbreviation': 'MLB'}",1,11,"{'code': '1', 'name': 'Pitcher', 'type': 'Pitcher', 'abbreviation': 'P'}",2025,25,30,30,165,191,64,25,1,26,198,36,0,137,4,.200,685,.243,.353,.596,1,4,.800,.200,10,2714,2.94,186.2,15,7,0,0,0,0,61,0.93,731,560,30,0,0,1837,.680,4,0,3,0,242,0.86,.682,14.54,0,5.50,9.55,1.74,6.61,3.09,1.25,0,0,0,3,3
2025,"{'id': 140, 'name': 'Texas Rangers', 'link': '/api/v1/teams/140'}","{'id': 594798, 'fullName': 'Jacob deGrom', 'link': '/api/v1/people/594798', 'firstName': 'Jacob', 'lastName': 'deGrom'}","{'id': 103, 'name': 'AL', 'link': '/api/v1/league/103'}","{'id': 1, 'link': '/api/v1/sports/1', 'abbreviation': 'MLB'}",1,12,"{'code': '1', 'name': 'Pitcher', 'type': 'Pitcher', 'abbreviation': 'P'}",2025,37,30,30,138,184,57,19,1,26,185,37,0,122,3,.196,624,.242,.354,.596,6,11,.647,.353,4,2614,2.97,172.2,12,8,0,0,0,0,57,0.92,669,518,30,0,0,1734,.660,3,0,3,0,221,0.75,.600,15.14,0,5.00,9.64,1.93,6.36,2.97,1.36,0,0,0,0,5
2025,"{'id': 114, 'name': 'Cleveland Guardians', 'link': '/api/v1/teams/114'}","{'id': 668909, 'fullName': 'Gavin Williams', 'link': '/api/v1/people/668909', 'firstName': 'Gavin', 'lastName': 'Williams'}","{'id': 103, 'name': 'AL', 'link': '/api/v1/league/103'}","{'id': 1, 'link': '/api/v1/sports/1', 'abbreviation': 'MLB'}",1,13,"{'code': '1', 'name': 'Pitcher', 'type': 'Pitcher', 'abbreviation': 'P'}",2025,25,31,31,162,153,62,23,1,23,173,83,0,130,3,.211,615,.307,.364,.671,6,7,.538,.462,8,2925,3.06,167.2,12,5,0,0,0,0,57,1.27,704,503,31,0,0,1802,.620,3,1,9,3,224,1.06,.706,17.45,0,2.08,9.29,4.46,6.98,3.33,1.23,0,0,0,1,2
2025,"{'id': 147, 'name': 'New York Yankees', 'link': '/api/v1/teams/147'}","{'id': 607074, 'fullName': 'Carlos Rodón', 'link': '/api/v1/people/607074', 'firstName': 'Carlos', 'lastName': 'Rodón'}","{'id': 103, 'name': 'AL', 'link': '/api/v1/league/103'}","{'id': 1, 'link': '/api/v1/sports/1', 'abbreviation': 'MLB'}",1,14,"{'code': '1', 'name': 'Pitcher', 'type': 'Pitcher', 'abbreviation': 'P'}",2025,32,33,33,177,195,74,27,0,22,203,73,0,132,9,.188,701,.272,.321,.593,3,17,.850,.150,12,3212,3.09,195.1,18,9,0,0,0,0,67,1.05,789,586,33,0,0,2010,.630,9,0,4,1,225,0.91,.667,16.44,0,2.78,9.35,3.36,6.08,3.41,1.01,0,0,0,3,3
2025,"{'id': 112, 'name': 'Chicago Cubs', 'link': '/api/v1/teams/112'}","{'id': 571510, 'fullName': 'Matthew Boyd', 'link': '/api/v1/people/571510', 'firstName': 'Matthew', 'lastName': 'Boyd'}","{'id': 104, 'name': 'NL', 'link': '/api/v1/league/104'}","{'id': 1, 'link': '/api/v1/sports/1', 'abbreviation': 'MLB'}",1,15,"{'code': '1', 'name': 'Pitcher', 'type': 'Pitcher', 'abbreviation': 'P'}",2025,34,31,31,144,215,69,25,3,19,154,42,0,154,9,.235,656,.288,.369,.657,3,5,.625,.375,15,2746,3.21,179.2,14,8,0,0,0,0,64,1.09,718,539,31,0,0,1843,.670,9,0,2,11,242,0.67,.636,15.28,0,3.67,7.71,2.10,7.71,3.46,0.95,0,0,0,5,6
2025,"{'id': 137, 'name': 'San Francisco Giants', 'link': '/api/v1/teams/137'}","{'id': 657277, 'fullName': 'Logan Webb', 'link': '/api/v1/people/657277', 'firstName': 'Logan', 'lastName': 'Webb'}","{'id': 104, 'name': 'NL', 'link': '/api/v1/league/104'}","{'id': 1, 'link': '/api/v1/sports/1', 'abbreviation': 'MLB'}",1,16,"{'code': '1', 'name': 'Pitcher', 'type': 'Pitcher', 'abbreviation': 'P'}",2025,28,34,34,240,129,82,49,3,14,224,46,0,210,6,.264,795,.308,.386,.694,7,9,.563,.438,22,3282,3.22,207.0,15,11,0,0,0,0,74,1.24,856,621,34,0,0,2165,.660,6,0,2,2,307,1.86,.577,15.86,0,4.87,9.74,2.00,9.13,3.57,0.61,0,0,1,4,4
2025,"{'id': 111, 'name': 'Boston Red Sox', 'link': '/api/v1/teams/111'}","{'id': 678394, 'fullName': 'Brayan Bello', 'link': '/api/v1/people/678394', 'firstName': 'Brayan', 'lastName': 'Bello'}","{'id': 103, 'name': 'AL', 'link': '/api/v1/league/103'}","{'id': 1, 'link': '/api/v1/sports/1', 'abbreviation': 'MLB'}",1,17,"{'code': '1', 'name': 'Pitcher', 'type': 'Pitcher', 'abbreviation': 'P'}",2025,26,29,28,199,158,71,23,1,16,124,59,0,147,13,.237,620,.314,.355,.669,6,16,.727,.273,17,2697,3.35,166.2,11,9,0,0,0,0,62,1.24,700,500,29,1,0,1675,.620,13,0,5,1,220,1.26,.550,16.18,0,2.10,6.70,3.19,7.94,3.83,0.86,0,0,0,2,6
2025,"{'id': 142, 'name': 'Minnesota Twins', 'link': '/api/v1/teams/142'}","{'id': 657746, 'fullName': 'Joe Ryan', 'link': '/api/v1/people/657746', 'firstName': 'Joe', 'lastName': 'Ryan'}","{'id': 103, 'name': 'AL', 'link': '/api/v1/league/103'}","{'id': 1, 'link': '/api/v1/sports/1', 'abbreviation': 'MLB'}",1,18,"{'code': '1', 'name': 'Pitcher', 'type': 'Pitcher', 'abbreviation': 'P'}",2025,29,31,30,117,189,69,32,0,26,194,39,0,138,12,.218,633,.275,.392,.667,11,21,.656,.344,6,2795,3.42,171.0,13,10,0,0,0,0,65,1.04,689,513,31,0,0,1832,.660,12,2,0,1,248,0.62,.565,16.35,0,4.97,10.21,2.05,7.26,3.63,1.37,0,0,0,1,4
2025,"{'id': 140, 'name': 'Texas Rangers', 'link': '/api/v1/teams/140'}","{'id': 518876, 'fullName': 'Merrill Kelly', 'link': '/api/v1/people/518876', 'firstName': 'Merrill', 'lastName': 'Kelly'}","{'id': 103, 'name': 'AL', 'link': '/api/v1/league/103'}","{'id': 1, 'link': '/api/v1/sports/1', 'abbreviation': 'MLB'}",2,19,"{'code': '1', 'name': 'Pitcher', 'type': 'Pitcher', 'abbreviation': 'P'}",2025,36,32,32,183,191,79,35,3,23,167,48,0,157,2,.226,696,.277,.384,.661,2,14,.875,.125,10,2833,3.52,184.0,12,9,0,0,0,0,72,1.11,748,552,32,0,0,1861,.660,2,2,1,5,267,0.96,.571,15.40,0,3.48,8.17,2.35,7.68,3.86,1.13,0,0,0,1,1
2025,"{'id': 121, 'name': 'New York Mets', 'link': '/api/v1/teams/121'}","{'id': 605280, 'fullName': 'Clay Holmes', 'link': '/api/v1/people/605280', 'firstName': 'Clay', 'lastName': 'Holmes'}","{'id': 104, 'name': 'NL', 'link': '/api/v1/league/104'}","{'id': 1, 'link': '/api/v1/sports/1', 'abbreviation': 'MLB'}",1,20,"{'code': '1', 'name': 'Pitcher', 'type': 'Pitcher', 'abbreviation': 'P'}",2025,32,33,31,219,130,74,25,1,14,129,66,0,150,13,.241,622,.324,.352,.676,7,8,.533,.467,14,2764,3.53,165.2,12,8,0,0,0,0,65,1.30,708,497,33,0,0,1736,.630,13,1,6,0,219,1.68,.600,16.68,0,1.95,7.01,3.59,8.15,4.02,0.76,2,1,1,1,5
2025,"{'id': 136, 'name': 'Seattle Mariners', 'link': '/api/v1/teams/136'}","{'id': 622491, 'fullName': 'Luis Castillo', 'link': '/api/v1/people/622491', 'firstName': 'Luis', 'lastName': 'Castillo'}","{'id': 103, 'name': 'AL', 'link': '/api/v1/league/103'}","{'id': 1, 'link': '/api/v1/sports/1', 'abbreviation': 'MLB'}",1,21,"{'code': '1', 'name': 'Pitcher', 'type': 'Pitcher', 'abbreviation': 'P'}",2025,32,32,32,165,197,76,34,3,23,162,46,0,168,7,.244,689,.297,.402,.699,5,13,.722,.278,15,2988,3.54,180.2,11,8,0,0,0,0,71,1.18,745,542,32,0,0,1948,.650,7,0,3,1,277,0.84,.579,16.54,0,3.52,8.07,2.29,8.37,3.79,1.15,0,0,0,0,3
2025,"{'id': 141, 'name': 'Toronto Blue Jays', 'link': '/api/v1/teams/141'}","{'id': 592332, 'fullName': 'Kevin Gausman', 'link': '/api/v1/people/592332', 'firstName': 'Kevin', 'lastName': 'Gausman'}","{'id': 103, 'name': 'AL', 'link': '/api/v1/league/103'}","{'id': 1, 'link': '/api/v1/sports/1', 'abbreviation': 'MLB'}",1,22,"{'code': '1', 'name': 'Pitcher', 'type': 'Pitcher', 'abbreviation': 'P'}",2025,34,32,32,150,226,79,34,2,21,189,50,2,155,3,.216,716,.269,.358,.627,3,17,.850,.150,8,3030,3.59,193.0,10,11,0,0,0,0,77,1.06,775,579,32,1,1,2042,.670,3,2,1,1,256,0.66,.476,15.70,0,3.78,8.81,2.33,7.23,3.68,0.98,0,0,2,1,3
2025,"{'id': 137, 'name': 'San Francisco Giants', 'link': '/api/v1/teams/137'}","{'id': 592662, 'fullName': 'Robbie Ray', 'link': '/api/v1/people/592662', 'firstName': 'Robbie', 'lastName': 'Ray'}","{'id': 104, 'name': 'NL', 'link': '/api/v1/league/104'}","{'id': 1, 'link': '/api/v1/sports/1', 'abbreviation': 'MLB'}",1,23,"{'code': '1', 'name': 'Pitcher', 'type': 'Pitcher', 'abbreviation': 'P'}",2025,33,32,32,137,207,81,39,2,22,186,73,0,148,4,.221,671,.298,.383,.681,10,20,.667,.333,8,3069,3.65,182.1,11,8,0,0,0,0,74,1.21,755,547,32,1,0,1955,.640,4,1,7,6,257,0.66,.579,16.83,0,2.55,9.18,3.60,7.31,4.00,1.09,0,0,0,1,6
2025,"{'id': 117, 'name': 'Houston Astros', 'link': '/api/v1/teams/117'}","{'id': 664285, 'fullName': 'Framber Valdez', 'link': '/api/v1/people/664285', 'firstName': 'Framber', 'lastName': 'Valdez'}","{'id': 103, 'name': 'AL', 'link': '/api/v1/league/103'}","{'id': 1, 'link': '/api/v1/sports/1', 'abbreviation': 'MLB'}",1,24,"{'code': '1', 'name': 'Pitcher', 'type': 'Pitcher', 'abbreviation': 'P'}",2025,31,31,31,247,122,82,33,4,15,187,68,0,171,7,.238,717,.308,.358,.666,3,25,.893,.107,22,2891,3.66,192.0,13,11,0,0,0,0,78,1.24,802,576,31,2,0,1861,.640,7,1,12,1,257,2.02,.542,15.06,0,2.75,8.77,3.19,8.02,3.84,0.70,0,0,0,4,6
2025,"{'id': 113, 'name': 'Cincinnati Reds', 'link': '/api/v1/teams/113'}","{'id': 641793, 'fullName': 'Zack Littell', 'link': '/api/v1/people/641793', 'firstName': 'Zack', 'lastName': 'Littell'}","{'id': 104, 'name': 'NL', 'link': '/api/v1/league/104'}","{'id': 1, 'link': '/api/v1/sports/1', 'abbreviation': 'MLB'}",2,25,"{'code': '1', 'name': 'Pitcher', 'type': 'Pitcher', 'abbreviation': 'P'}",2025,29,32,32,181,232,81,33,1,36,130,32,1,174,7,.244,712,.282,.445,.727,5,16,.762,.238,15,2788,3.81,186.2,10,8,0,0,0,0,79,1.10,759,560,32,1,0,1867,.670,7,0,3,0,317,0.78,.556,14.94,0,4.06,6.27,1.54,8.39,3.91,1.74,0,0,3,0,5
2025,"{'id': 118, 'name': 'Kansas City Royals', 'link': '/api/v1/teams/118'}","{'id': 608379, 'fullName': 'Michael Wacha', 'link': '/api/v1/people/608379', 'firstName': 'Michael', 'lastName': 'Wacha'}","{'id': 103, 'name': 'AL', 'link': '/api/v1/league/103'}","{'id': 1, 'link': '/api/v1/sports/1', 'abbreviation': 'MLB'}",1,26,"{'code': '1', 'name': 'Pitcher', 'type': 'Pitcher', 'abbreviation': 'P'}",2025,33,31,31,154,220,74,29,6,15,126,45,0,166,4,.252,658,.302,.383,.685,0,2,1.000,.000,18,2666,3.86,172.2,10,13,0,0,0,0,74,1.22,716,518,31,0,0,1746,.650,4,0,2,0,252,0.70,.435,15.44,0,2.80,6.57,2.35,8.65,3.86,0.78,0,0,1,4,4
2025,"{'id': 139, 'name': 'Tampa Bay Rays', 'link': '/api/v1/teams/139'}","{'id': 686752, 'fullName': 'Ryan Pepiot', 'link': '/api/v1/people/686752', 'firstName': 'Ryan', 'lastName': 'Pepiot'}","{'id': 103, 'name': 'AL', 'link': '/api/v1/league/103'}","{'id': 1, 'link': '/api/v1/sports/1', 'abbreviation': 'MLB'}",1,27,"{'code': '1', 'name': 'Pitcher', 'type': 'Pitcher', 'abbreviation': 'P'}",2025,27,31,31,134,176,77,27,3,26,167,61,0,134,6,.221,607,.297,.404,.701,8,16,.667,.333,13,2699,3.86,167.2,11,12,0,0,0,0,72,1.16,679,503,31,0,0,1737,.640,6,0,5,5,245,0.76,.478,16.10,0,2.74,8.96,3.27,7.19,4.13,1.40,0,0,0,2,3
2025,"{'id': 143, 'name': 'Philadelphia Phillies', 'link': '/api/v1/teams/143'}","{'id': 666200, 'fullName': 'Jesús Luzardo', 'link': '/api/v1/people/666200', 'firstName': 'Jesús', 'lastName': 'Luzardo'}","{'id': 104, 'name': 'NL', 'link': '/api/v1/league/104'}","{'id': 1, 'link': '/api/v1/sports/1', 'abbreviation': 'MLB'}",1,28,"{'code': '1', 'name': 'Pitcher', 'type': 'Pitcher', 'abbreviation': 'P'}",2025,27,32,32,153,162,85,33,0,16,216,57,0,167,3,.240,696,.299,.356,.655,11,22,.667,.333,10,3013,3.92,183.2,15,7,0,0,0,0,80,1.22,758,551,32,0,0,1955,.650,3,1,2,6,248,0.94,.682,16.40,0,3.79,10.58,2.79,8.18,4.17,0.78,0,0,0,0,2
2025,"{'id': 141, 'name': 'Toronto Blue Jays', 'link': '/api/v1/teams/141'}","{'id': 605135, 'fullName': 'Chris Bassitt', 'link': '/api/v1/people/605135', 'firstName': 'Chris', 'lastName': 'Bassitt'}","{'id': 103, 'name': 'AL', 'link': '/api/v1/league/103'}","{'id': 1, 'link': '/api/v1/sports/1', 'abbreviation': 'MLB'}",1,29,"{'code': '1', 'name': 'Pitcher', 'type': 'Pitcher', 'abbreviation': 'P'}",2025,36,32,31,185,146,80,31,3,22,166,52,0,174,13,.261,667,.325,.415,.740,3,14,.824,.176,15,2829,3.96,170.1,11,9,0,0,0,0,75,1.33,736,511,32,1,0,1805,.640,13,3,4,0,277,1.27,.550,16.61,0,3.19,8.77,2.75,9.19,4.23,1.16,0,0,0,1,3
2025,"{'id': 108, 'name': 'Los Angeles Angels', 'link': '/api/v1/teams/108'}","{'id': 579328, 'fullName': 'Yusei Kikuchi', 'link': '/api/v1/people/579328', 'firstName': 'Yusei', 'lastName': 'Kikuchi'}","{'id': 103, 'name': 'AL', 'link': '/api/v1/league/103'}","{'id': 1, 'link': '/api/v1/sports/1', 'abbreviation': 'MLB'}",1,30,"{'code': '1', 'name': 'Pitcher', 'type': 'Pitcher', 'abbreviation': 'P'}",2025,34,33,33,143,198,87,35,1,24,174,74,3,180,3,.261,689,.333,.419,.752,5,11,.688,.313,13,3094,3.99,178.1,7,11,0,0,0,0,79,1.42,772,535,33,0,0,1974,.640,3,0,8,2,289,0.72,.389,17.35,0,2.35,8.78,3.73,9.08,4.39,1.21,0,0,0,0,6
2025,"{'id': 113, 'name': 'Cincinnati Reds', 'link': '/api/v1/teams/113'}","{'id': 663903, 'fullName': 'Brady Singer', 'link': '/api/v1/people/663903', 'firstName': 'Brady', 'lastName': 'Singer'}","{'id': 104, 'name': 'NL', 'link': '/api/v1/league/104'}","{'id': 1, 'link': '/api/v1/sports/1', 'abbreviation': 'MLB'}",1,31,"{'code': '1', 'name': 'Pitcher', 'type': 'Pitcher', 'abbreviation': 'P'}",2025,28,32,32,150,179,80,36,6,19,163,60,0,150,14,.238,631,.314,.404,.718,4,14,.778,.222,13,2850,4.03,169.2,14,12,0,0,0,0,76,1.24,716,509,32,0,0,1776,.620,14,0,3,0,255,0.84,.538,16.80,0,2.72,8.65,3.18,7.96,4.24,1.01,0,0,0,2,9
2025,"{'id': 133, 'name': 'Athletics', 'link': '/api/v1/teams/133'}","{'id': 605488, 'fullName': 'Jeffrey Springs', 'link': '/api/v1/people/605488', 'firstName': 'Jeffrey', 'lastName': 'Springs'}","{'id': 103, 'name': 'AL', 'link': '/api/v1/league/103'}","{'id': 1, 'link': '/api/v1/sports/1', 'abbreviation': 'MLB'}",1,32,"{'code': '1', 'name': 'Pitcher', 'type': 'Pitcher', 'abbreviation': 'P'}",2025,32,32,30,131,234,90,36,0,28,138,54,0,153,3,.236,647,.295,.422,.717,3,20,.870,.130,8,2847,4.11,171.0,11,11,0,0,0,0,78,1.21,713,513,32,0,0,1793,.630,3,3,0,1,273,0.56,.500,16.65,0,2.56,7.26,2.84,8.05,4.74,1.47,0,0,0,1,8
2025,"{'id': 141, 'name': 'Toronto Blue Jays', 'link': '/api/v1/teams/141'}","{'id': 621244, 'fullName': 'José Berríos', 'link': '/api/v1/people/621244', 'firstName': 'José', 'lastName': 'Berríos'}","{'id': 103, 'name': 'AL', 'link': '/api/v1/league/103'}","{'id': 1, 'link': '/api/v1/sports/1', 'abbreviation': 'MLB'}",1,33,"{'code': '1', 'name': 'Pitcher', 'type': 'Pitcher', 'abbreviation': 'P'}",2025,31,31,30,161,176,86,30,2,26,138,56,2,160,7,.253,632,.320,.430,.750,3,13,.813,.188,17,2584,4.17,166.0,9,5,0,0,0,0,77,1.30,698,498,31,0,0,1638,.630,7,1,1,4,272,0.91,.643,15.57,0,2.46,7.48,3.04,8.67,4.66,1.41,0,0,0,1,2
2025,"{'id': 134, 'name': 'Pittsburgh Pirates', 'link': '/api/v1/teams/134'}","{'id': 656605, 'fullName': 'Mitch Keller', 'link': '/api/v1/people/656605', 'firstName': 'Mitch', 'lastName': 'Keller'}","{'id': 104, 'name': 'NL', 'link': '/api/v1/league/104'}","{'id': 1, 'link': '/api/v1/sports/1', 'abbreviation': 'MLB'}",1,34,"{'code': '1', 'name': 'Pitcher', 'type': 'Pitcher', 'abbreviation': 'P'}",2025,29,32,32,182,184,91,40,2,21,150,51,0,171,10,.249,686,.310,.405,.715,3,23,.885,.115,10,2870,4.19,176.1,6,15,0,0,0,0,82,1.26,749,529,32,0,0,1876,.650,10,0,5,0,278,0.99,.286,16.28,0,2.94,7.66,2.60,8.73,4.64,1.07,0,0,1,0,1
2025,"{'id': 110, 'name': 'Baltimore Orioles', 'link': '/api/v1/teams/110'}","{'id': 665152, 'fullName': 'Dean Kremer', 'link': '/api/v1/people/665152', 'firstName': 'Dean', 'lastName': 'Kremer'}","{'id': 103, 'name': 'AL', 'link': '/api/v1/league/103'}","{'id': 1, 'link': '/api/v1/sports/1', 'abbreviation': 'MLB'}",1,35,"{'code': '1', 'name': 'Pitcher', 'type': 'Pitcher', 'abbreviation': 'P'}",2025,29,31,29,154,201,83,32,3,22,142,45,0,163,2,.248,656,.297,.407,.704,2,5,.714,.286,13,2753,4.19,171.2,11,10,0,0,0,0,80,1.21,708,515,31,0,0,1803,.650,2,1,9,0,267,0.77,.524,16.04,0,3.16,7.44,2.36,8.55,4.35,1.15,0,0,1,0,4
2025,"{'id': 121, 'name': 'New York Mets', 'link': '/api/v1/teams/121'}","{'id': 656849, 'fullName': 'David Peterson', 'link': '/api/v1/people/656849', 'firstName': 'David', 'lastName': 'Peterson'}","{'id': 104, 'name': 'NL', 'link': '/api/v1/league/104'}","{'id': 1, 'link': '/api/v1/sports/1', 'abbreviation': 'MLB'}",1,36,"{'code': '1', 'name': 'Pitcher', 'type': 'Pitcher', 'abbreviation': 'P'}",2025,29,30,30,205,129,84,35,2,11,150,65,1,166,7,.258,643,.331,.370,.701,1,4,.800,.200,20,2699,4.22,168.2,9,6,0,0,0,0,79,1.37,723,506,30,1,1,1734,.640,7,1,3,3,238,1.59,.600,16.00,0,2.31,8.00,3.47,8.86,4.48,0.59,0,0,1,4,3
2025,"{'id': 114, 'name': 'Cleveland Guardians', 'link': '/api/v1/teams/114'}","{'id': 676440, 'fullName': 'Tanner Bibee', 'link': '/api/v1/people/676440', 'firstName': 'Tanner', 'lastName': 'Bibee'}","{'id': 103, 'name': 'AL', 'link': '/api/v1/league/103'}","{'id': 1, 'link': '/api/v1/sports/1', 'abbreviation': 'MLB'}",1,37,"{'code': '1', 'name': 'Pitcher', 'type': 'Pitcher', 'abbreviation': 'P'}",2025,26,31,31,181,185,93,24,5,27,162,54,1,170,10,.246,692,.308,.412,.720,4,17,.810,.190,15,2970,4.24,182.1,12,11,0,0,0,0,86,1.23,762,547,31,2,1,1904,.640,10,1,3,2,285,0.98,.522,16.29,0,3.00,8.00,2.67,8.39,4.59,1.33,0,0,0,3,3
2025,"{'id': 108, 'name': 'Los Angeles Angels', 'link': '/api/v1/teams/108'}","{'id': 667755, 'fullName': 'José Soriano', 'link': '/api/v1/people/667755', 'firstName': 'José', 'lastName': 'Soriano'}","{'id': 103, 'name': 'AL', 'link': '/api/v1/league/103'}","{'id': 1, 'link': '/api/v1/sports/1', 'abbreviation': 'MLB'}",1,38,"{'code': '1', 'name': 'Pitcher', 'type': 'Pitcher', 'abbreviation': 'P'}",2025,26,31,31,243,87,89,28,1,12,152,78,0,158,5,.249,634,.335,.353,.688,1,5,.833,.167,30,2784,4.26,169.0,10,11,0,0,0,0,80,1.40,724,507,31,0,0,1706,.610,5,0,8,0,224,2.79,.476,16.47,0,1.95,8.09,4.15,8.41,4.74,0.64,0,0,1,4,2
2025,"{'id': 138, 'name': 'St. Louis Cardinals', 'link': '/api/v1/teams/138'}","{'id': 543243, 'fullName': 'Sonny Gray', 'link': '/api/v1/people/543243', 'firstName': 'Sonny', 'lastName': 'Gray'}","{'id': 104, 'name': 'NL', 'link': '/api/v1/league/104'}","{'id': 1, 'link': '/api/v1/sports/1', 'abbreviation': 'MLB'}",1,39,"{'code': '1', 'name': 'Pitcher', 'type': 'Pitcher', 'abbreviation': 'P'}",2025,35,32,32,166,157,93,31,4,25,201,38,0,185,3,.262,705,.302,.424,.726,10,11,.524,.476,9,2719,4.28,180.2,14,8,0,0,0,0,86,1.23,753,542,32,1,1,1800,.660,3,0,2,3,299,1.06,.636,15.05,0,5.29,10.01,1.89,9.22,4.63,1.25,0,0,3,1,3
2025,"{'id': 147, 'name': 'New York Yankees', 'link': '/api/v1/teams/147'}","{'id': 701542, 'fullName': 'Will Warren', 'link': '/api/v1/people/701542', 'firstName': 'Will', 'lastName': 'Warren'}","{'id': 103, 'name': 'AL', 'link': '/api/v1/league/103'}","{'id': 1, 'link': '/api/v1/sports/1', 'abbreviation': 'MLB'}",1,40,"{'code': '1', 'name': 'Pitcher', 'type': 'Pitcher', 'abbreviation': 'P'}",2025,26,33,33,157,155,90,32,4,22,171,65,0,158,4,.250,631,.320,.418,.738,2,6,.750,.250,6,2802,4.44,162.1,9,8,0,0,0,0,80,1.37,711,487,33,0,0,1733,.620,4,1,2,2,264,1.01,.529,17.26,0,2.63,9.48,3.60,8.76,4.99,1.22,0,0,1,1,9
2025,"{'id': 113, 'name': 'Cincinnati Reds', 'link': '/api/v1/teams/113'}","{'id': 607259, 'fullName': 'Nick Martinez', 'link': '/api/v1/people/607259', 'firstName': 'Nick', 'lastName': 'Martinez'}","{'id': 104, 'name': 'NL', 'link': '/api/v1/league/104'}","{'id': 1, 'link': '/api/v1/sports/1', 'abbreviation': 'MLB'}",1,41,"{'code': '1', 'name': 'Pitcher', 'type': 'Pitcher', 'abbreviation': 'P'}",2025,34,40,26,165,196,86,44,1,22,116,42,1,158,6,.254,621,.304,.435,.739,6,12,.667,.333,10,2578,4.45,165.2,11,14,0,0,5,0,82,1.21,683,497,40,0,0,1670,.650,6,0,6,1,270,0.84,.440,15.56,2,2.76,6.30,2.28,8.58,4.67,1.20,3,0,0,5,9
2025,"{'id': 133, 'name': 'Athletics', 'link': '/api/v1/teams/133'}","{'id': 622663, 'fullName': 'Luis Severino', 'link': '/api/v1/people/622663', 'firstName': 'Luis', 'lastName': 'Severino'}","{'id': 103, 'name': 'AL', 'link': '/api/v1/league/103'}","{'id': 1, 'link': '/api/v1/sports/1', 'abbreviation': 'MLB'}",1,42,"{'code': '1', 'name': 'Pitcher', 'type': 'Pitcher', 'abbreviation': 'P'}",2025,31,29,29,159,194,93,35,0,16,124,50,1,162,16,.257,630,.324,.389,.713,2,10,.833,.167,9,2731,4.54,162.2,8,11,0,0,0,0,82,1.30,705,488,29,0,0,1728,.630,16,0,3,3,245,0.82,.421,16.79,0,2.48,6.86,2.77,8.96,5.15,0.89,0,0,0,2,7
2025,"{'id': 135, 'name': 'San Diego Padres', 'link': '/api/v1/teams/135'}","{'id': 656302, 'fullName': 'Dylan Cease', 'link': '/api/v1/people/656302', 'firstName': 'Dylan', 'lastName': 'Cease'}","{'id': 104, 'name': 'NL', 'link': '/api/v1/league/104'}","{'id': 1, 'link': '/api/v1/sports/1', 'abbreviation': 'MLB'}",1,43,"{'code': '1', 'name': 'Pitcher', 'type': 'Pitcher', 'abbreviation': 'P'}",2025,29,32,32,114,163,91,37,1,21,215,71,2,152,5,.239,636,.318,.399,.717,4,12,.750,.250,8,3044,4.55,168.0,8,12,0,0,0,0,85,1.33,722,504,32,0,0,1924,.630,5,0,5,0,254,0.70,.400,18.12,0,3.03,11.52,3.80,8.14,4.88,1.13,0,0,2,3,5
2025,"{'id': 108, 'name': 'Los Angeles Angels', 'link': '/api/v1/teams/108'}","{'id': 543294, 'fullName': 'Kyle Hendricks', 'link': '/api/v1/people/543294', 'firstName': 'Kyle', 'lastName': 'Hendricks'}","{'id': 103, 'name': 'AL', 'link': '/api/v1/league/103'}","{'id': 1, 'link': '/api/v1/sports/1', 'abbreviation': 'MLB'}",1,44,"{'code': '1', 'name': 'Pitcher', 'type': 'Pitcher', 'abbreviation': 'P'}",2025,35,31,31,160,206,92,37,3,25,114,43,3,167,5,.262,638,.311,.447,.758,2,24,.923,.077,16,2573,4.76,164.2,8,10,0,0,0,0,87,1.28,695,494,31,0,0,1715,.670,5,0,0,1,285,0.78,.444,15.63,0,2.65,6.23,2.35,9.13,5.03,1.37,0,0,0,3,6
2025,"{'id': 109, 'name': 'Arizona Diamondbacks', 'link': '/api/v1/teams/109'}","{'id': 668678, 'fullName': 'Zac Gallen', 'link': '/api/v1/people/668678', 'firstName': 'Zac', 'lastName': 'Gallen'}","{'id': 104, 'name': 'NL', 'link': '/api/v1/league/104'}","{'id': 1, 'link': '/api/v1/sports/1', 'abbreviation': 'MLB'}",1,45,"{'code': '1', 'name': 'Pitcher', 'type': 'Pitcher', 'abbreviation': 'P'}",2025,29,33,33,192,200,109,37,4,31,175,66,1,176,4,.239,737,.303,.426,.729,3,14,.824,.176,13,3135,4.83,192.0,13,15,0,0,0,0,103,1.26,813,576,33,0,0,1975,.630,4,0,2,1,314,0.96,.464,16.33,0,2.65,8.20,3.09,8.25,5.11,1.45,0,0,0,2,4
2025,"{'id': 139, 'name': 'Tampa Bay Rays', 'link': '/api/v1/teams/139'}","{'id': 669358, 'fullName': 'Shane Baz', 'link': '/api/v1/people/669358', 'firstName': 'Shane', 'lastName': 'Baz'}","{'id': 103, 'name': 'AL', 'link': '/api/v1/league/103'}","{'id': 1, 'link': '/api/v1/sports/1', 'abbreviation': 'MLB'}",1,46,"{'code': '1', 'name': 'Pitcher', 'type': 'Pitcher', 'abbreviation': 'P'}",2025,26,31,31,162,142,91,36,1,26,176,64,0,158,9,.250,633,.325,.433,.758,2,20,.909,.091,19,2718,4.87,166.1,10,12,0,0,0,0,90,1.33,711,499,31,0,0,1771,.650,9,0,3,1,274,1.14,.455,16.34,0,2.75,9.52,3.46,8.55,4.92,1.41,0,0,0,1,4
2025,"{'id': 115, 'name': 'Colorado Rockies', 'link': '/api/v1/teams/115'}","{'id': 607536, 'fullName': 'Kyle Freeland', 'link': '/api/v1/people/607536', 'firstName': 'Kyle', 'lastName': 'Freeland'}","{'id': 104, 'name': 'NL', 'link': '/api/v1/league/104'}","{'id': 1, 'link': '/api/v1/sports/1', 'abbreviation': 'MLB'}",1,47,"{'code': '1', 'name': 'Pitcher', 'type': 'Pitcher', 'abbreviation': 'P'}",2025,32,31,31,165,183,105,34,5,22,124,38,2,193,6,.294,657,.335,.461,.796,2,5,.714,.286,16,2482,4.98,162.2,5,17,0,0,0,0,90,1.42,709,488,31,0,0,1689,.680,6,0,2,3,303,0.90,.227,15.26,0,3.26,6.86,2.10,10.68,5.81,1.22,0,0,0,1,7
2025,"{'id': 109, 'name': 'Arizona Diamondbacks', 'link': '/api/v1/teams/109'}","{'id': 694297, 'fullName': 'Brandon Pfaadt', 'link': '/api/v1/people/694297', 'firstName': 'Brandon', 'lastName': 'Pfaadt'}","{'id': 104, 'name': 'NL', 'link': '/api/v1/league/104'}","{'id': 1, 'link': '/api/v1/sports/1', 'abbreviation': 'MLB'}",1,48,"{'code': '1', 'name': 'Pitcher', 'type': 'Pitcher', 'abbreviation': 'P'}",2025,26,33,33,181,191,107,51,3,26,147,37,2,198,12,.279,710,.323,.469,.792,2,13,.867,.133,10,2920,5.25,176.2,13,9,0,0,0,0,103,1.33,767,530,33,0,0,1902,.650,12,0,3,0,333,0.95,.591,16.53,0,3.97,7.49,1.88,10.09,5.45,1.32,0,0,1,1,6
2025,"{'id': 138, 'name': 'St. Louis Cardinals', 'link': '/api/v1/teams/138'}","{'id': 669467, 'fullName': 'Andre Pallante', 'link': '/api/v1/people/669467', 'firstName': 'Andre', 'lastName': 'Pallante'}","{'id': 104, 'name': 'NL', 'link': '/api/v1/league/104'}","{'id': 1, 'link': '/api/v1/sports/1', 'abbreviation': 'MLB'}",1,49,"{'code': '1', 'name': 'Pitcher', 'type': 'Pitcher', 'abbreviation': 'P'}",2025,26,31,31,247,116,109,32,4,21,111,62,0,173,5,.270,640,.337,.431,.768,3,18,.857,.143,12,2720,5.31,162.2,6,15,0,0,0,0,96,1.44,715,488,31,0,0,1656,.610,5,2,12,1,276,2.13,.286,16.72,0,1.79,6.14,3.43,9.57,6.03,1.16,0,0,1,2,5
2025,"{'id': 146, 'name': 'Miami Marlins', 'link': '/api/v1/teams/146'}","{'id': 645261, 'fullName': 'Sandy Alcantara', 'link': '/api/v1/people/645261', 'firstName': 'Sandy', 'lastName': 'Alcantara'}","{'id': 104, 'name': 'NL', 'link': '/api/v1/league/104'}","{'id': 1, 'link': '/api/v1/sports/1', 'abbreviation': 'MLB'}",1,50,"{'code': '1', 'name': 'Pitcher', 'type': 'Pitcher', 'abbreviation': 'P'}",2025,29,31,31,193,178,107,39,0,22,142,57,0,165,9,.247,669,.310,.404,.714,1,35,.972,.028,9,2891,5.36,174.2,11,12,0,0,0,0,104,1.27,745,524,31,0,0,1907,.660,9,2,8,0,270,1.08,.478,16.55,0,2.49,7.32,2.94,8.50,5.51,1.13,0,0,1,0,9
2026,"{'id': 158, 'name': 'Milwaukee Brewers', 'link': '/api/v1/teams/158'}","{'id': 694819, 'fullName': 'Jacob Misiorowski', 'link': '/api/v1/people/694819', 'firstName': 'Jacob', 'lastName': 'Misiorowski'}","{'id': 104, 'name': 'NL', 'link': '/api/v1/league/104'}","{'id': 1, 'link': '/api/v1/sports/1', 'abbreviation': 'MLB'}",1,1,"{'code': '1', 'name': 'Pitcher', 'type': 'Pitcher', 'abbreviation': 'P'}",2026,24,16,16,73,74,19,4,0,5,146,27,0,49,7,.144,341,.221,.199,.420,0,1,1.000,.000,7,1475,1.45,99.0,9,3,0,0,0,0,16,0.77,376,297,16,1,1,995,.670,7,1,5,0,68,0.99,.750,14.90,0,5.41,13.27,2.45,4.45,1.73,0.45,0,0,0,0,1
2026,"{'id': 147, 'name': 'New York Yankees', 'link': '/api/v1/teams/147'}","{'id': 693645, 'fullName': 'Cam Schlittler', 'link': '/api/v1/people/693645', 'firstName': 'Cam', 'lastName': 'Schlittler'}","{'id': 103, 'name': 'AL', 'link': '/api/v1/league/103'}","{'id': 1, 'link': '/api/v1/sports/1', 'abbreviation': 'MLB'}",1,2,"{'code': '1', 'name': 'Pitcher', 'type': 'Pitcher', 'abbreviation': 'P'}",2026,25,17,17,88,92,25,15,2,6,118,20,0,72,3,.197,365,.243,.299,.542,2,4,.667,.333,6,1535,1.62,100.0,8,4,0,0,0,0,18,0.92,394,300,17,0,0,1043,.680,3,0,0,0,109,0.96,.667,15.35,0,5.90,10.62,1.80,6.48,2.25,0.54,0,0,1,2,3
2026,"{'id': 144, 'name': 'Atlanta Braves', 'link': '/api/v1/teams/144'}","{'id': 519242, 'fullName': 'Chris Sale', 'link': '/api/v1/people/519242', 'firstName': 'Chris', 'lastName': 'Sale'}","{'id': 104, 'name': 'NL', 'link': '/api/v1/league/104'}","{'id': 1, 'link': '/api/v1/sports/1', 'abbreviation': 'MLB'}",1,3,"{'code': '1', 'name': 'Pitcher', 'type': 'Pitcher', 'abbreviation': 'P'}",2026,37,15,15,76,78,26,10,0,6,109,22,0,75,8,.224,335,.286,.307,.593,2,6,.750,.250,6,1444,2.10,90.0,8,6,0,0,0,0,21,1.08,368,270,15,0,0,973,.670,8,0,0,1,103,0.97,.571,16.04,0,4.95,10.90,2.20,7.50,2.60,0.60,0,0,0,1,2
2026,"{'id': 143, 'name': 'Philadelphia Phillies', 'link': '/api/v1/teams/143'}","{'id': 650911, 'fullName': 'Cristopher Sánchez', 'link': '/api/v1/people/650911', 'firstName': 'Cristopher', 'lastName': 'Sánchez'}","{'id': 104, 'name': 'NL', 'link': '/api/v1/league/104'}","{'id': 1, 'link': '/api/v1/sports/1', 'abbreviation': 'MLB'}",1,4,"{'code': '1', 'name': 'Pitcher', 'type': 'Pitcher', 'abbreviation': 'P'}",2026,29,17,17,124,74,31,20,0,8,127,21,0,101,2,.238,424,.277,.342,.619,2,4,.667,.333,5,1625,2.13,110.0,9,3,0,0,0,0,26,1.11,449,330,17,1,1,1098,.680,2,0,1,0,145,1.68,.750,14.77,0,6.05,10.39,1.72,8.26,2.54,0.65,0,0,0,1,1
2026,"{'id': 109, 'name': 'Arizona Diamondbacks', 'link': '/api/v1/teams/109'}","{'id': 593958, 'fullName': 'Eduardo Rodriguez', 'link': '/api/v1/people/593958', 'firstName': 'Eduardo', 'lastName': 'Rodriguez'}","{'id': 104, 'name': 'NL', 'link': '/api/v1/league/104'}","{'id': 1, 'link': '/api/v1/sports/1', 'abbreviation': 'MLB'}",1,5,"{'code': '1', 'name': 'Pitcher', 'type': 'Pitcher', 'abbreviation': 'P'}",2026,33,16,16,97,106,26,19,2,9,70,38,0,77,0,.220,350,.296,.363,.659,0,5,1.000,.000,10,1507,2.27,95.0,6,2,0,0,0,0,24,1.21,388,285,16,0,0,944,.630,0,1,0,0,127,0.92,.750,15.86,0,1.84,6.63,3.60,7.29,2.46,0.85,0,0,0,0,0
2026,"{'id': 113, 'name': 'Cincinnati Reds', 'link': '/api/v1/teams/113'}","{'id': 695505, 'fullName': 'Chase Burns', 'link': '/api/v1/people/695505', 'firstName': 'Chase', 'lastName': 'Burns'}","{'id': 104, 'name': 'NL', 'link': '/api/v1/league/104'}","{'id': 1, 'link': '/api/v1/sports/1', 'abbreviation': 'MLB'}",1,6,"{'code': '1', 'name': 'Pitcher', 'type': 'Pitcher', 'abbreviation': 'P'}",2026,23,16,16,65,90,24,15,1,11,112,29,0,70,0,.208,337,.270,.356,.626,3,13,.813,.188,5,1482,2.36,91.2,9,1,0,0,0,0,24,1.08,367,275,16,0,0,939,.630,0,0,2,2,120,0.72,.900,16.17,0,3.86,11.00,2.85,6.87,2.36,1.08,0,0,1,0,0
2026,"{'id': 139, 'name': 'Tampa Bay Rays', 'link': '/api/v1/teams/139'}","{'id': 656876, 'fullName': 'Drew Rasmussen', 'link': '/api/v1/people/656876', 'firstName': 'Drew', 'lastName': 'Rasmussen'}","{'id': 103, 'name': 'AL', 'link': '/api/v1/league/103'}","{'id': 1, 'link': '/api/v1/sports/1', 'abbreviation': 'MLB'}",1,7,"{'code': '1', 'name': 'Pitcher', 'type': 'Pitcher', 'abbreviation': 'P'}",2026,30,16,16,99,79,27,8,0,9,94,16,0,64,4,.191,335,.236,.296,.532,3,15,.833,.167,4,1406,2.45,92.0,7,4,0,0,0,0,25,0.87,356,276,16,0,0,926,.660,4,0,2,0,99,1.25,.636,15.28,0,5.88,9.20,1.57,6.26,2.64,0.88,0,0,0,0,1
2026,"{'id': 146, 'name': 'Miami Marlins', 'link': '/api/v1/teams/146'}","{'id': 676974, 'fullName': 'Max Meyer', 'link': '/api/v1/people/676974', 'firstName': 'Max', 'lastName': 'Meyer'}","{'id': 104, 'name': 'NL', 'link': '/api/v1/league/104'}","{'id': 1, 'link': '/api/v1/sports/1', 'abbreviation': 'MLB'}",1,8,"{'code': '1', 'name': 'Pitcher', 'type': 'Pitcher', 'abbreviation': 'P'}",2026,27,17,17,86,93,30,14,1,8,107,36,0,72,7,.202,356,.288,.315,.603,5,5,.500,.500,5,1557,2.60,97.0,9,0,0,0,0,0,28,1.11,401,291,17,0,0,998,.640,7,0,4,0,112,0.92,1.000,16.05,0,2.97,9.93,3.34,6.68,2.78,0.74,0,0,0,1,1
2026,"{'id': 139, 'name': 'Tampa Bay Rays', 'link': '/api/v1/teams/139'}","{'id': 607259, 'fullName': 'Nick Martinez', 'link': '/api/v1/people/607259', 'firstName': 'Nick', 'lastName': 'Martinez'}","{'id': 103, 'name': 'AL', 'link': '/api/v1/league/103'}","{'id': 1, 'link': '/api/v1/sports/1', 'abbreviation': 'MLB'}",1,9,"{'code': '1', 'name': 'Pitcher', 'type': 'Pitcher', 'abbreviation': 'P'}",2026,35,16,16,85,133,28,22,2,9,58,17,0,92,2,.253,363,.288,.399,.687,3,4,.571,.429,4,1327,2.66,94.2,7,2,0,0,0,0,28,1.15,387,284,16,0,0,902,.680,2,0,1,0,145,0.64,.778,14.02,0,3.41,5.51,1.62,8.75,2.66,0.86,0,0,0,2,3
2026,"{'id': 114, 'name': 'Cleveland Guardians', 'link': '/api/v1/teams/114'}","{'id': 800048, 'fullName': 'Parker Messick', 'link': '/api/v1/people/800048', 'firstName': 'Parker', 'lastName': 'Messick'}","{'id': 103, 'name': 'AL', 'link': '/api/v1/league/103'}","{'id': 1, 'link': '/api/v1/sports/1', 'abbreviation': 'MLB'}",1,10,"{'code': '1', 'name': 'Pitcher', 'type': 'Pitcher', 'abbreviation': 'P'}",2026,25,16,16,84,87,30,13,3,9,101,29,2,70,1,.207,338,.270,.343,.613,0,1,1.000,.000,5,1461,2.67,94.1,7,4,0,0,0,0,28,1.05,372,283,16,0,0,927,.630,1,0,3,2,116,0.97,.636,15.49,0,3.48,9.64,2.77,6.68,2.86,0.86,0,0,0,1,3
2026,"{'id': 119, 'name': 'Los Angeles Dodgers', 'link': '/api/v1/teams/119'}","{'id': 808967, 'fullName': 'Yoshinobu Yamamoto', 'link': '/api/v1/people/808967', 'firstName': 'Yoshinobu', 'lastName': 'Yamamoto'}","{'id': 104, 'name': 'NL', 'link': '/api/v1/league/104'}","{'id': 1, 'link': '/api/v1/sports/1', 'abbreviation': 'MLB'}",1,11,"{'code': '1', 'name': 'Pitcher', 'type': 'Pitcher', 'abbreviation': 'P'}",2026,27,15,15,107,86,30,11,1,11,90,19,0,68,3,.194,350,.241,.326,.567,2,2,.500,.500,7,1455,2.67,97.2,8,5,0,0,0,0,29,0.89,373,293,15,0,0,959,.660,3,0,2,0,114,1.24,.615,14.90,0,4.74,8.29,1.75,6.27,2.76,1.01,0,0,0,0,1
2026,"{'id': 119, 'name': 'Los Angeles Dodgers', 'link': '/api/v1/teams/119'}","{'id': 680736, 'fullName': 'Justin Wrobleski', 'link': '/api/v1/people/680736', 'firstName': 'Justin', 'lastName': 'Wrobleski'}","{'id': 104, 'name': 'NL', 'link': '/api/v1/league/104'}","{'id': 1, 'link': '/api/v1/sports/1', 'abbreviation': 'MLB'}",1,12,"{'code': '1', 'name': 'Pitcher', 'type': 'Pitcher', 'abbreviation': 'P'}",2026,25,14,13,84,118,26,13,0,7,53,18,0,69,2,.214,323,.259,.319,.578,1,1,.500,.500,7,1231,2.71,86.1,9,2,0,0,0,0,26,1.01,344,259,14,0,0,826,.670,2,0,1,0,103,0.71,.818,14.26,1,2.94,5.53,1.88,7.19,2.71,0.73,0,0,0,0,1
2026,"{'id': 111, 'name': 'Boston Red Sox', 'link': '/api/v1/teams/111'}","{'id': 624133, 'fullName': 'Ranger Suarez', 'link': '/api/v1/people/624133', 'firstName': 'Ranger', 'lastName': 'Suarez'}","{'id': 103, 'name': 'AL', 'link': '/api/v1/league/103'}","{'id': 1, 'link': '/api/v1/sports/1', 'abbreviation': 'MLB'}",1,13,"{'code': '1', 'name': 'Pitcher', 'type': 'Pitcher', 'abbreviation': 'P'}",2026,30,15,15,69,88,28,16,1,4,84,25,0,69,2,.225,307,.285,.322,.607,0,4,1.000,.000,5,1298,2.83,82.2,3,3,0,0,0,0,26,1.14,337,248,15,0,0,817,.630,2,0,0,0,99,0.78,.500,15.70,0,3.36,9.15,2.72,7.51,3.05,0.44,0,0,0,0,3
2026,"{'id': 120, 'name': 'Washington Nationals', 'link': '/api/v1/teams/120'}","{'id': 656492, 'fullName': 'Foster Griffin', 'link': '/api/v1/people/656492', 'firstName': 'Foster', 'lastName': 'Griffin'}","{'id': 104, 'name': 'NL', 'link': '/api/v1/league/104'}","{'id': 1, 'link': '/api/v1/sports/1', 'abbreviation': 'MLB'}",1,14,"{'code': '1', 'name': 'Pitcher', 'type': 'Pitcher', 'abbreviation': 'P'}",2026,30,17,17,97,96,37,11,0,16,98,25,0,77,7,.210,366,.273,.372,.645,0,4,1.000,.000,9,1589,2.93,98.1,8,2,0,0,0,0,32,1.04,400,295,17,0,0,1055,.660,7,1,2,0,136,1.01,.800,16.16,0,3.92,8.97,2.29,7.05,3.39,1.46,0,0,0,1,1
2026,"{'id': 145, 'name': 'Chicago White Sox', 'link': '/api/v1/teams/145'}","{'id': 663436, 'fullName': 'Davis Martin', 'link': '/api/v1/people/663436', 'firstName': 'Davis', 'lastName': 'Martin'}","{'id': 103, 'name': 'AL', 'link': '/api/v1/league/103'}","{'id': 1, 'link': '/api/v1/sports/1', 'abbreviation': 'MLB'}",1,15,"{'code': '1', 'name': 'Pitcher', 'type': 'Pitcher', 'abbreviation': 'P'}",2026,29,16,16,86,88,31,23,0,6,90,24,0,86,4,.247,348,.302,.365,.667,2,6,.750,.250,11,1450,3.00,93.0,9,3,0,0,0,0,31,1.18,378,279,16,0,0,942,.650,4,1,5,0,127,0.98,.750,15.59,0,3.75,8.71,2.32,8.32,3.00,0.58,0,0,0,0,2
2026,"{'id': 134, 'name': 'Pittsburgh Pirates', 'link': '/api/v1/teams/134'}","{'id': 677952, 'fullName': 'Braxton Ashcraft', 'link': '/api/v1/people/677952', 'firstName': 'Braxton', 'lastName': 'Ashcraft'}","{'id': 104, 'name': 'NL', 'link': '/api/v1/league/104'}","{'id': 1, 'link': '/api/v1/sports/1', 'abbreviation': 'MLB'}",1,16,"{'code': '1', 'name': 'Pitcher', 'type': 'Pitcher', 'abbreviation': 'P'}",2026,26,16,16,90,84,37,15,1,8,107,22,0,83,6,.232,358,.284,.346,.630,3,9,.750,.250,11,1412,3.07,96.2,7,3,0,0,0,0,33,1.09,392,290,16,0,0,974,.690,6,0,0,1,124,1.07,.700,14.61,0,4.86,9.96,2.05,7.73,3.44,0.74,0,0,0,1,5
2026,"{'id': 137, 'name': 'San Francisco Giants', 'link': '/api/v1/teams/137'}","{'id': 657277, 'fullName': 'Logan Webb', 'link': '/api/v1/people/657277', 'firstName': 'Logan', 'lastName': 'Webb'}","{'id': 104, 'name': 'NL', 'link': '/api/v1/league/104'}","{'id': 1, 'link': '/api/v1/sports/1', 'abbreviation': 'MLB'}",1,17,"{'code': '1', 'name': 'Pitcher', 'type': 'Pitcher', 'abbreviation': 'P'}",2026,29,14,14,112,72,34,13,2,5,76,22,0,74,4,.222,333,.279,.318,.597,3,10,.769,.231,7,1312,3.09,90.1,5,5,0,0,0,0,31,1.06,361,271,14,1,0,860,.660,4,0,1,0,106,1.56,.500,14.52,0,3.45,7.57,2.19,7.37,3.39,0.50,0,0,1,1,0
2026,"{'id': 134, 'name': 'Pittsburgh Pirates', 'link': '/api/v1/teams/134'}","{'id': 694973, 'fullName': 'Paul Skenes', 'link': '/api/v1/people/694973', 'firstName': 'Paul', 'lastName': 'Skenes'}","{'id': 104, 'name': 'NL', 'link': '/api/v1/league/104'}","{'id': 1, 'link': '/api/v1/sports/1', 'abbreviation': 'MLB'}",1,18,"{'code': '1', 'name': 'Pitcher', 'type': 'Pitcher', 'abbreviation': 'P'}",2026,24,17,17,77,85,38,16,1,9,114,20,0,70,6,.205,341,.259,.337,.596,2,0,.000,1.000,3,1552,3.10,93.0,6,7,0,0,0,0,32,0.97,373,279,17,0,0,1002,.650,6,0,1,1,115,0.91,.462,16.69,0,5.70,11.03,1.94,6.77,3.68,0.87,0,0,1,1,4
2026,"{'id': 138, 'name': 'St. Louis Cardinals', 'link': '/api/v1/teams/138'}","{'id': 700241, 'fullName': 'Michael McGreevy', 'link': '/api/v1/people/700241', 'firstName': 'Michael', 'lastName': 'McGreevy'}","{'id': 104, 'name': 'NL', 'link': '/api/v1/league/104'}","{'id': 1, 'link': '/api/v1/sports/1', 'abbreviation': 'MLB'}",1,19,"{'code': '1', 'name': 'Pitcher', 'type': 'Pitcher', 'abbreviation': 'P'}",2026,25,16,16,103,93,31,16,0,12,57,21,0,81,0,.243,334,.287,.398,.685,0,3,1.000,.000,10,1411,3.12,89.1,3,6,0,0,0,0,31,1.14,355,268,16,0,0,872,.620,0,0,2,1,133,1.11,.333,15.79,0,2.71,5.74,2.12,8.16,3.12,1.21,0,0,0,0,0
2026,"{'id': 133, 'name': 'Athletics', 'link': '/api/v1/teams/133'}","{'id': 669372, 'fullName': 'J.T. Ginn', 'link': '/api/v1/people/669372', 'firstName': 'J.T.', 'lastName': 'Ginn'}","{'id': 103, 'name': 'AL', 'link': '/api/v1/league/103'}","{'id': 1, 'link': '/api/v1/sports/1', 'abbreviation': 'MLB'}",1,20,"{'code': '1', 'name': 'Pitcher', 'type': 'Pitcher', 'abbreviation': 'P'}",2026,27,18,15,96,82,35,13,0,9,78,36,0,72,4,.222,325,.305,.345,.650,2,7,.778,.222,9,1395,3.15,88.2,6,4,0,1,0,1,31,1.22,368,266,18,1,0,856,.610,4,1,2,0,112,1.17,.600,15.73,2,2.17,7.92,3.65,7.31,3.55,0.91,4,1,0,1,2
2026,"{'id': 142, 'name': 'Minnesota Twins', 'link': '/api/v1/teams/142'}","{'id': 657746, 'fullName': 'Joe Ryan', 'link': '/api/v1/people/657746', 'firstName': 'Joe', 'lastName': 'Ryan'}","{'id': 103, 'name': 'AL', 'link': '/api/v1/league/103'}","{'id': 1, 'link': '/api/v1/sports/1', 'abbreviation': 'MLB'}",1,21,"{'code': '1', 'name': 'Pitcher', 'type': 'Pitcher', 'abbreviation': 'P'}",2026,30,17,17,67,103,38,18,0,9,108,19,0,77,5,.219,352,.266,.347,.613,3,14,.824,.176,2,1528,3.18,93.1,5,4,0,0,0,0,33,1.03,379,280,17,0,0,1034,.680,5,0,2,1,122,0.65,.556,16.37,0,5.68,10.41,1.83,7.43,3.66,0.87,0,0,0,0,3
2026,"{'id': 118, 'name': 'Kansas City Royals', 'link': '/api/v1/teams/118'}","{'id': 608379, 'fullName': 'Michael Wacha', 'link': '/api/v1/people/608379', 'firstName': 'Michael', 'lastName': 'Wacha'}","{'id': 103, 'name': 'AL', 'link': '/api/v1/league/103'}","{'id': 1, 'link': '/api/v1/sports/1', 'abbreviation': 'MLB'}",1,22,"{'code': '1', 'name': 'Pitcher', 'type': 'Pitcher', 'abbreviation': 'P'}",2026,34,17,17,104,122,42,23,4,10,84,30,1,94,4,.234,401,.294,.387,.681,3,4,.571,.429,12,1569,3.31,108.2,5,5,0,0,0,0,40,1.14,438,326,17,0,0,1019,.650,4,0,3,1,155,0.85,.500,14.44,0,2.80,6.96,2.48,7.79,3.48,0.83,0,0,0,2,1
2026,"{'id': 108, 'name': 'Los Angeles Angels', 'link': '/api/v1/teams/108'}","{'id': 667755, 'fullName': 'José Soriano', 'link': '/api/v1/people/667755', 'firstName': 'José', 'lastName': 'Soriano'}","{'id': 103, 'name': 'AL', 'link': '/api/v1/league/103'}","{'id': 1, 'link': '/api/v1/sports/1', 'abbreviation': 'MLB'}",1,23,"{'code': '1', 'name': 'Pitcher', 'type': 'Pitcher', 'abbreviation': 'P'}",2026,27,17,17,103,68,38,7,0,12,102,48,1,77,3,.221,348,.320,.345,.665,4,3,.429,.571,8,1601,3.32,95.0,8,4,0,0,0,0,35,1.32,401,285,17,0,0,984,.610,3,0,1,0,120,1.51,.667,16.85,0,2.13,9.66,4.55,7.29,3.60,1.14,0,0,0,1,1
2026,"{'id': 137, 'name': 'San Francisco Giants', 'link': '/api/v1/teams/137'}","{'id': 592662, 'fullName': 'Robbie Ray', 'link': '/api/v1/people/592662', 'firstName': 'Robbie', 'lastName': 'Ray'}","{'id': 104, 'name': 'NL', 'link': '/api/v1/league/104'}","{'id': 1, 'link': '/api/v1/sports/1', 'abbreviation': 'MLB'}",1,24,"{'code': '1', 'name': 'Pitcher', 'type': 'Pitcher', 'abbreviation': 'P'}",2026,34,17,16,77,120,42,13,1,14,82,43,0,74,0,.214,345,.297,.380,.677,5,16,.762,.238,6,1621,3.39,95.2,7,6,0,0,0,0,36,1.22,396,287,17,0,0,983,.610,0,0,3,4,131,0.64,.538,16.94,0,1.91,7.71,4.05,6.96,3.95,1.32,0,0,0,2,6
2026,"{'id': 116, 'name': 'Detroit Tigers', 'link': '/api/v1/teams/116'}","{'id': 672456, 'fullName': 'Keider Montero', 'link': '/api/v1/people/672456', 'firstName': 'Keider', 'lastName': 'Montero'}","{'id': 103, 'name': 'AL', 'link': '/api/v1/league/103'}","{'id': 1, 'link': '/api/v1/sports/1', 'abbreviation': 'MLB'}",1,25,"{'code': '1', 'name': 'Pitcher', 'type': 'Pitcher', 'abbreviation': 'P'}",2026,25,16,15,79,124,35,15,2,9,56,18,0,69,2,.212,325,.256,.354,.610,0,1,1.000,.000,5,1242,3.39,87.2,4,5,0,0,0,0,33,0.99,348,263,16,0,0,828,.670,2,0,1,0,115,0.64,.444,14.17,0,3.11,5.75,1.85,7.08,3.59,0.92,0,0,0,1,2
2026,"{'id': 136, 'name': 'Seattle Mariners', 'link': '/api/v1/teams/136'}","{'id': 669302, 'fullName': 'Logan Gilbert', 'link': '/api/v1/people/669302', 'firstName': 'Logan', 'lastName': 'Gilbert'}","{'id': 103, 'name': 'AL', 'link': '/api/v1/league/103'}","{'id': 1, 'link': '/api/v1/sports/1', 'abbreviation': 'MLB'}",1,26,"{'code': '1', 'name': 'Pitcher', 'type': 'Pitcher', 'abbreviation': 'P'}",2026,29,17,17,72,111,38,23,0,14,107,22,0,79,5,.215,367,.268,.392,.660,2,6,.750,.250,8,1596,3.42,100.0,6,5,0,0,0,0,38,1.01,396,300,17,0,0,1048,.660,5,0,3,2,144,0.65,.545,15.96,0,4.86,9.63,1.98,7.11,3.42,1.26,0,0,0,0,2
2026,"{'id': 136, 'name': 'Seattle Mariners', 'link': '/api/v1/teams/136'}","{'id': 676106, 'fullName': 'Emerson Hancock', 'link': '/api/v1/people/676106', 'firstName': 'Emerson', 'lastName': 'Hancock'}","{'id': 103, 'name': 'AL', 'link': '/api/v1/league/103'}","{'id': 1, 'link': '/api/v1/sports/1', 'abbreviation': 'MLB'}",1,27,"{'code': '1', 'name': 'Pitcher', 'type': 'Pitcher', 'abbreviation': 'P'}",2026,27,16,16,76,98,35,12,0,12,87,22,0,73,4,.220,332,.275,.364,.639,1,6,.857,.143,10,1421,3.47,90.2,5,4,0,0,0,0,35,1.05,360,272,16,0,0,908,.640,4,0,3,1,121,0.78,.556,15.67,0,3.95,8.64,2.18,7.25,3.47,1.19,0,0,0,0,2
2026,"{'id': 135, 'name': 'San Diego Padres', 'link': '/api/v1/teams/135'}","{'id': 650633, 'fullName': 'Michael King', 'link': '/api/v1/people/650633', 'firstName': 'Michael', 'lastName': 'King'}","{'id': 104, 'name': 'NL', 'link': '/api/v1/league/104'}","{'id': 1, 'link': '/api/v1/sports/1', 'abbreviation': 'MLB'}",1,28,"{'code': '1', 'name': 'Pitcher', 'type': 'Pitcher', 'abbreviation': 'P'}",2026,31,17,17,99,92,39,10,1,10,83,39,0,75,8,.217,346,.310,.338,.648,6,5,.455,.545,11,1564,3.55,96.1,5,7,0,0,0,0,38,1.18,397,289,17,0,0,976,.620,8,0,2,0,117,1.08,.417,16.24,0,2.13,7.75,3.64,7.01,3.64,0.93,0,0,1,2,1
2026,"{'id': 140, 'name': 'Texas Rangers', 'link': '/api/v1/teams/140'}","{'id': 594798, 'fullName': 'Jacob deGrom', 'link': '/api/v1/people/594798', 'firstName': 'Jacob', 'lastName': 'deGrom'}","{'id': 103, 'name': 'AL', 'link': '/api/v1/league/103'}","{'id': 1, 'link': '/api/v1/sports/1', 'abbreviation': 'MLB'}",1,29,"{'code': '1', 'name': 'Pitcher', 'type': 'Pitcher', 'abbreviation': 'P'}",2026,38,16,16,64,94,35,10,0,15,106,20,2,71,0,.213,333,.257,.378,.635,4,3,.429,.571,1,1429,3.55,88.2,6,5,0,0,0,0,35,1.03,355,266,16,0,0,940,.660,0,0,2,0,126,0.68,.545,16.12,0,5.30,10.76,2.03,7.21,3.55,1.52,0,0,0,1,1
2026,"{'id': 111, 'name': 'Boston Red Sox', 'link': '/api/v1/teams/111'}","{'id': 813349, 'fullName': 'Connelly Early', 'link': '/api/v1/people/813349', 'firstName': 'Connelly', 'lastName': 'Early'}","{'id': 103, 'name': 'AL', 'link': '/api/v1/league/103'}","{'id': 1, 'link': '/api/v1/sports/1', 'abbreviation': 'MLB'}",1,30,"{'code': '1', 'name': 'Pitcher', 'type': 'Pitcher', 'abbreviation': 'P'}",2026,24,16,16,79,89,35,12,0,15,88,32,0,78,9,.236,331,.318,.408,.726,1,6,.857,.143,9,1467,3.59,87.2,7,5,0,0,0,0,35,1.25,375,263,16,0,0,943,.640,9,1,4,0,135,0.89,.583,16.73,0,2.75,9.03,3.29,8.01,3.59,1.54,0,0,0,1,2
2026,"{'id': 145, 'name': 'Chicago White Sox', 'link': '/api/v1/teams/145'}","{'id': 680732, 'fullName': 'Sean Burke', 'link': '/api/v1/people/680732', 'firstName': 'Sean', 'lastName': 'Burke'}","{'id': 103, 'name': 'AL', 'link': '/api/v1/league/103'}","{'id': 1, 'link': '/api/v1/sports/1', 'abbreviation': 'MLB'}",1,31,"{'code': '1', 'name': 'Pitcher', 'type': 'Pitcher', 'abbreviation': 'P'}",2026,26,16,12,65,100,37,18,2,11,87,30,0,76,6,.233,326,.309,.402,.711,5,12,.706,.294,2,1426,3.71,87.1,5,4,0,0,0,0,36,1.21,364,262,16,0,0,938,.660,6,0,5,1,131,0.65,.556,16.33,1,2.90,8.97,3.09,7.83,3.81,1.13,1,0,0,2,0
2026,"{'id': 147, 'name': 'New York Yankees', 'link': '/api/v1/teams/147'}","{'id': 701542, 'fullName': 'Will Warren', 'link': '/api/v1/people/701542', 'firstName': 'Will', 'lastName': 'Warren'}","{'id': 103, 'name': 'AL', 'link': '/api/v1/league/103'}","{'id': 1, 'link': '/api/v1/sports/1', 'abbreviation': 'MLB'}",1,32,"{'code': '1', 'name': 'Pitcher', 'type': 'Pitcher', 'abbreviation': 'P'}",2026,27,16,16,85,81,47,20,1,9,84,29,0,85,2,.258,330,.318,.406,.724,0,1,1.000,.000,6,1424,3.75,84.0,7,3,0,0,0,0,35,1.36,367,252,16,0,0,900,.630,2,1,3,2,134,1.05,.700,16.95,0,2.90,9.00,3.11,9.11,5.04,0.96,0,0,1,1,4
2026,"{'id': 110, 'name': 'Baltimore Orioles', 'link': '/api/v1/teams/110'}","{'id': 680694, 'fullName': 'Kyle Bradish', 'link': '/api/v1/people/680694', 'firstName': 'Kyle', 'lastName': 'Bradish'}","{'id': 103, 'name': 'AL', 'link': '/api/v1/league/103'}","{'id': 1, 'link': '/api/v1/sports/1', 'abbreviation': 'MLB'}",1,33,"{'code': '1', 'name': 'Pitcher', 'type': 'Pitcher', 'abbreviation': 'P'}",2026,29,17,17,97,71,45,17,2,11,96,47,1,88,1,.251,351,.340,.405,.745,3,3,.500,.500,9,1574,3.77,93.0,5,8,0,0,0,0,39,1.45,400,279,17,0,0,955,.610,1,0,4,0,142,1.37,.385,16.92,0,2.04,9.29,4.55,8.52,4.35,1.06,0,0,0,0,1
2026,"{'id': 114, 'name': 'Cleveland Guardians', 'link': '/api/v1/teams/114'}","{'id': 676440, 'fullName': 'Tanner Bibee', 'link': '/api/v1/people/676440', 'firstName': 'Tanner', 'lastName': 'Bibee'}","{'id': 103, 'name': 'AL', 'link': '/api/v1/league/103'}","{'id': 1, 'link': '/api/v1/sports/1', 'abbreviation': 'MLB'}",1,34,"{'code': '1', 'name': 'Pitcher', 'type': 'Pitcher', 'abbreviation': 'P'}",2026,27,17,17,82,111,41,12,0,16,81,29,0,80,2,.228,351,.288,.399,.687,1,4,.800,.200,7,1504,3.78,95.1,2,8,0,0,0,0,40,1.14,385,286,17,0,0,956,.640,2,0,2,3,140,0.74,.200,15.78,0,2.79,7.65,2.74,7.55,3.87,1.51,0,0,0,0,3
2026,"{'id': 114, 'name': 'Cleveland Guardians', 'link': '/api/v1/teams/114'}","{'id': 668909, 'fullName': 'Gavin Williams', 'link': '/api/v1/people/668909', 'firstName': 'Gavin', 'lastName': 'Williams'}","{'id': 103, 'name': 'AL', 'link': '/api/v1/league/103'}","{'id': 1, 'link': '/api/v1/sports/1', 'abbreviation': 'MLB'}",1,35,"{'code': '1', 'name': 'Pitcher', 'type': 'Pitcher', 'abbreviation': 'P'}",2026,26,17,17,95,81,46,20,1,15,117,34,0,85,2,.225,377,.293,.403,.696,4,9,.692,.308,7,1615,3.81,101.2,9,4,0,0,0,0,43,1.17,414,305,17,0,0,1068,.660,2,0,3,3,152,1.17,.692,15.89,0,3.44,10.36,3.01,7.52,4.07,1.33,0,0,0,1,0
2026,"{'id': 138, 'name': 'St. Louis Cardinals', 'link': '/api/v1/teams/138'}","{'id': 669467, 'fullName': 'Andre Pallante', 'link': '/api/v1/people/669467', 'firstName': 'Andre', 'lastName': 'Pallante'}","{'id': 104, 'name': 'NL', 'link': '/api/v1/league/104'}","{'id': 1, 'link': '/api/v1/sports/1', 'abbreviation': 'MLB'}",1,36,"{'code': '1', 'name': 'Pitcher', 'type': 'Pitcher', 'abbreviation': 'P'}",2026,27,16,16,116,74,40,15,1,9,68,26,0,84,6,.246,341,.310,.375,.685,0,9,1.000,.000,9,1448,3.83,89.1,9,5,0,0,0,0,38,1.23,374,268,16,0,0,924,.640,6,0,3,1,128,1.57,.643,16.21,0,2.62,6.85,2.62,8.46,4.03,0.91,0,0,0,0,1
2026,"{'id': 114, 'name': 'Cleveland Guardians', 'link': '/api/v1/teams/114'}","{'id': 676282, 'fullName': 'Joey Cantillo', 'link': '/api/v1/people/676282', 'firstName': 'Joey', 'lastName': 'Cantillo'}","{'id': 103, 'name': 'AL', 'link': '/api/v1/league/103'}","{'id': 1, 'link': '/api/v1/sports/1', 'abbreviation': 'MLB'}",1,37,"{'code': '1', 'name': 'Pitcher', 'type': 'Pitcher', 'abbreviation': 'P'}",2026,26,17,17,72,86,41,17,0,12,85,39,0,77,1,.243,317,.327,.410,.737,4,12,.750,.250,8,1462,3.87,86.0,6,3,0,0,0,0,37,1.35,360,258,17,0,0,917,.630,1,0,5,0,130,0.84,.667,17.00,0,2.18,8.90,4.08,8.06,4.29,1.26,0,0,0,2,1
2026,"{'id': 108, 'name': 'Los Angeles Angels', 'link': '/api/v1/teams/108'}","{'id': 672282, 'fullName': 'Reid Detmers', 'link': '/api/v1/people/672282', 'firstName': 'Reid', 'lastName': 'Detmers'}","{'id': 103, 'name': 'AL', 'link': '/api/v1/league/103'}","{'id': 1, 'link': '/api/v1/sports/1', 'abbreviation': 'MLB'}",1,38,"{'code': '1', 'name': 'Pitcher', 'type': 'Pitcher', 'abbreviation': 'P'}",2026,26,17,17,72,111,46,16,1,8,112,31,0,75,4,.206,364,.272,.321,.593,2,9,.818,.182,6,1608,3.88,99.2,3,5,0,0,0,0,43,1.06,406,299,17,0,0,1055,.660,4,0,1,1,117,0.65,.375,16.13,0,3.61,10.11,2.80,6.77,4.15,0.72,0,0,1,0,6
2026,"{'id': 143, 'name': 'Philadelphia Phillies', 'link': '/api/v1/teams/143'}","{'id': 666200, 'fullName': 'Jesús Luzardo', 'link': '/api/v1/people/666200', 'firstName': 'Jesús', 'lastName': 'Luzardo'}","{'id': 104, 'name': 'NL', 'link': '/api/v1/league/104'}","{'id': 1, 'link': '/api/v1/sports/1', 'abbreviation': 'MLB'}",1,39,"{'code': '1', 'name': 'Pitcher', 'type': 'Pitcher', 'abbreviation': 'P'}",2026,28,17,17,100,66,48,17,1,9,116,33,0,94,5,.253,372,.320,.376,.696,4,8,.667,.333,6,1645,3.88,97.1,6,4,0,0,0,0,42,1.30,414,292,17,0,0,1055,.640,5,1,5,1,140,1.52,.600,16.90,0,3.52,10.73,3.05,8.69,4.44,0.83,0,0,0,1,3
2026,"{'id': 113, 'name': 'Cincinnati Reds', 'link': '/api/v1/teams/113'}","{'id': 671096, 'fullName': 'Andrew Abbott', 'link': '/api/v1/people/671096', 'firstName': 'Andrew', 'lastName': 'Abbott'}","{'id': 104, 'name': 'NL', 'link': '/api/v1/league/104'}","{'id': 1, 'link': '/api/v1/sports/1', 'abbreviation': 'MLB'}",1,40,"{'code': '1', 'name': 'Pitcher', 'type': 'Pitcher', 'abbreviation': 'P'}",2026,27,17,17,78,113,42,7,1,15,70,40,0,87,0,.252,345,.327,.409,.736,4,16,.800,.200,3,1567,3.90,90.0,5,4,0,0,0,0,39,1.41,390,270,17,0,0,980,.630,0,0,0,2,141,0.69,.556,17.41,0,1.75,7.00,4.00,8.70,4.20,1.50,0,0,2,0,3
2026,"{'id': 136, 'name': 'Seattle Mariners', 'link': '/api/v1/teams/136'}","{'id': 669923, 'fullName': 'George Kirby', 'link': '/api/v1/people/669923', 'firstName': 'George', 'lastName': 'Kirby'}","{'id': 103, 'name': 'AL', 'link': '/api/v1/league/103'}","{'id': 1, 'link': '/api/v1/sports/1', 'abbreviation': 'MLB'}",1,41,"{'code': '1', 'name': 'Pitcher', 'type': 'Pitcher', 'abbreviation': 'P'}",2026,28,16,16,101,86,46,18,1,9,84,23,0,106,2,.282,376,.326,.407,.733,3,11,.786,.214,13,1482,3.94,96.0,6,7,0,0,0,0,42,1.34,402,288,16,1,0,999,.670,2,0,0,2,153,1.17,.462,15.44,0,3.65,7.88,2.16,9.94,4.31,0.84,0,0,0,0,1
2026,"{'id': 147, 'name': 'New York Yankees', 'link': '/api/v1/teams/147'}","{'id': 677960, 'fullName': 'Ryan Weathers', 'link': '/api/v1/people/677960', 'firstName': 'Ryan', 'lastName': 'Weathers'}","{'id': 103, 'name': 'AL', 'link': '/api/v1/league/103'}","{'id': 1, 'link': '/api/v1/sports/1', 'abbreviation': 'MLB'}",1,42,"{'code': '1', 'name': 'Pitcher', 'type': 'Pitcher', 'abbreviation': 'P'}",2026,26,15,15,72,86,41,6,2,16,95,24,0,75,1,.230,326,.284,.408,.692,3,1,.250,.750,2,1384,3.95,86.2,3,5,0,0,0,0,38,1.14,353,260,15,0,0,885,.640,1,0,4,2,133,0.84,.375,15.97,0,3.96,9.87,2.49,7.79,4.26,1.66,0,0,0,1,1
2026,"{'id': 140, 'name': 'Texas Rangers', 'link': '/api/v1/teams/140'}","{'id': 543135, 'fullName': 'Nathan Eovaldi', 'link': '/api/v1/people/543135', 'firstName': 'Nathan', 'lastName': 'Eovaldi'}","{'id': 103, 'name': 'AL', 'link': '/api/v1/league/103'}","{'id': 1, 'link': '/api/v1/sports/1', 'abbreviation': 'MLB'}",1,43,"{'code': '1', 'name': 'Pitcher', 'type': 'Pitcher', 'abbreviation': 'P'}",2026,36,16,16,106,85,46,15,1,17,101,23,0,93,6,.243,383,.295,.420,.715,3,2,.400,.600,6,1471,3.95,100.1,8,7,0,0,0,0,44,1.16,414,301,16,0,0,990,.670,6,0,5,0,161,1.25,.533,14.66,0,4.39,9.06,2.06,8.34,4.13,1.52,0,0,0,1,1
2026,"{'id': 146, 'name': 'Miami Marlins', 'link': '/api/v1/teams/146'}","{'id': 645261, 'fullName': 'Sandy Alcantara', 'link': '/api/v1/people/645261', 'firstName': 'Sandy', 'lastName': 'Alcantara'}","{'id': 104, 'name': 'NL', 'link': '/api/v1/league/104'}","{'id': 1, 'link': '/api/v1/sports/1', 'abbreviation': 'MLB'}",1,44,"{'code': '1', 'name': 'Pitcher', 'type': 'Pitcher', 'abbreviation': 'P'}",2026,30,17,17,122,114,54,15,2,12,81,27,0,109,6,.256,425,.310,.386,.696,4,12,.750,.250,9,1653,4.01,110.0,8,4,0,0,0,0,49,1.24,459,330,17,1,1,1124,.680,6,1,1,0,164,1.07,.667,15.03,0,3.00,6.63,2.21,8.92,4.42,0.98,0,0,0,1,0
2026,"{'id': 144, 'name': 'Atlanta Braves', 'link': '/api/v1/teams/144'}","{'id': 693821, 'fullName': 'Bryce Elder', 'link': '/api/v1/people/693821', 'firstName': 'Bryce', 'lastName': 'Elder'}","{'id': 104, 'name': 'NL', 'link': '/api/v1/league/104'}","{'id': 1, 'link': '/api/v1/sports/1', 'abbreviation': 'MLB'}",1,45,"{'code': '1', 'name': 'Pitcher', 'type': 'Pitcher', 'abbreviation': 'P'}",2026,27,17,17,99,110,48,11,2,12,83,30,0,91,2,.241,378,.298,.376,.674,1,7,.875,.125,4,1462,4.01,98.2,5,6,0,0,0,0,44,1.23,415,296,17,0,0,928,.630,2,0,1,2,142,0.90,.455,14.82,0,2.77,7.57,2.74,8.30,4.38,1.09,0,0,0,2,3
2026,"{'id': 121, 'name': 'New York Mets', 'link': '/api/v1/teams/121'}","{'id': 690997, 'fullName': 'Nolan McLean', 'link': '/api/v1/people/690997', 'firstName': 'Nolan', 'lastName': 'McLean'}","{'id': 104, 'name': 'NL', 'link': '/api/v1/league/104'}","{'id': 1, 'link': '/api/v1/sports/1', 'abbreviation': 'MLB'}",1,46,"{'code': '1', 'name': 'Pitcher', 'type': 'Pitcher', 'abbreviation': 'P'}",2026,24,16,16,92,63,46,16,0,10,106,34,0,66,11,.204,324,.299,.346,.645,1,2,.667,.333,6,1504,4.03,89.1,4,5,0,0,0,0,40,1.12,372,268,16,0,0,940,.630,11,0,2,2,112,1.46,.444,16.84,0,3.12,10.68,3.43,6.65,4.63,1.01,0,0,0,1,2
2026,"{'id': 116, 'name': 'Detroit Tigers', 'link': '/api/v1/teams/116'}","{'id': 664285, 'fullName': 'Framber Valdez', 'link': '/api/v1/people/664285', 'firstName': 'Framber', 'lastName': 'Valdez'}","{'id': 103, 'name': 'AL', 'link': '/api/v1/league/103'}","{'id': 1, 'link': '/api/v1/sports/1', 'abbreviation': 'MLB'}",1,47,"{'code': '1', 'name': 'Pitcher', 'type': 'Pitcher', 'abbreviation': 'P'}",2026,32,17,17,118,87,48,16,1,10,77,34,0,93,8,.249,373,.324,.378,.702,0,13,1.000,.000,9,1521,4.05,95.2,4,5,0,0,0,0,43,1.33,417,287,17,0,0,986,.650,8,0,3,0,141,1.36,.444,15.90,0,2.26,7.24,3.20,8.75,4.52,0.94,0,0,0,0,2
2026,"{'id': 140, 'name': 'Texas Rangers', 'link': '/api/v1/teams/140'}","{'id': 669022, 'fullName': 'MacKenzie Gore', 'link': '/api/v1/people/669022', 'firstName': 'MacKenzie', 'lastName': 'Gore'}","{'id': 103, 'name': 'AL', 'link': '/api/v1/league/103'}","{'id': 1, 'link': '/api/v1/sports/1', 'abbreviation': 'MLB'}",1,48,"{'code': '1', 'name': 'Pitcher', 'type': 'Pitcher', 'abbreviation': 'P'}",2026,27,17,17,73,98,41,18,3,8,97,38,0,76,2,.223,341,.303,.364,.667,0,5,1.000,.000,5,1543,4.05,91.0,5,6,0,0,0,0,41,1.25,384,273,17,0,0,982,.640,2,0,0,1,124,0.74,.455,16.96,0,2.55,9.59,3.76,7.52,4.05,0.79,0,0,0,1,2
2026,"{'id': 137, 'name': 'San Francisco Giants', 'link': '/api/v1/teams/137'}","{'id': 694738, 'fullName': 'Landen Roupp', 'link': '/api/v1/people/694738', 'firstName': 'Landen', 'lastName': 'Roupp'}","{'id': 104, 'name': 'NL', 'link': '/api/v1/league/104'}","{'id': 1, 'link': '/api/v1/sports/1', 'abbreviation': 'MLB'}",1,49,"{'code': '1', 'name': 'Pitcher', 'type': 'Pitcher', 'abbreviation': 'P'}",2026,27,16,16,93,60,43,22,2,5,95,34,0,77,3,.239,322,.316,.366,.682,2,3,.600,.400,10,1548,4.07,86.1,5,7,0,0,0,0,39,1.29,362,259,16,0,0,932,.600,3,0,1,0,118,1.55,.417,17.93,0,2.79,9.90,3.54,8.03,4.48,0.52,0,0,0,1,2
2026,"{'id': 138, 'name': 'St. Louis Cardinals', 'link': '/api/v1/teams/138'}","{'id': 681517, 'fullName': 'Kyle Leahy', 'link': '/api/v1/people/681517', 'firstName': 'Kyle', 'lastName': 'Leahy'}","{'id': 104, 'name': 'NL', 'link': '/api/v1/league/104'}","{'id': 1, 'link': '/api/v1/sports/1', 'abbreviation': 'MLB'}",1,50,"{'code': '1', 'name': 'Pitcher', 'type': 'Pitcher', 'abbreviation': 'P'}",2026,29,16,16,86,80,37,22,1,9,67,31,0,89,4,.279,319,.349,.439,.788,3,7,.700,.300,8,1354,4.09,81.1,6,4,0,0,0,0,37,1.48,358,244,16,0,0,843,.620,4,0,3,0,140,1.08,.600,16.65,0,2.16,7.41,3.43,9.85,4.09,1.00,0,0,1,2,1
